user_age,income,employment_status,credit_score,loan_amount,loan_term,existing_debt,loan_to_income_ratio,payment_history,num_of_defaults,savings_balance
59,532831,Self-employed,403,152023,21,201146,0.3775043118737461,Good,1,159849.3
49,277541,Employed,660,658667,14,61021,0.21986301123077312,Good,1,83262.3
35,5211,Unemployed,315,82388,5,182854,35.09000191901746,Bad,6,1563.3
28,510329,Self-employed,631,879200,20,232979,0.45652706391367137,Bad,6,153098.69999999998
41,28244,Unemployed,408,823860,19,25642,0.9078742387763773,Bad,9,8473.199999999999
59,13169,Unemployed,338,241779,21,342147,25.981243830207305,Average,3,3950.7
39,27104,Unemployed,473,880453,17,124714,4.601313459268004,Average,3,8131.2
43,306735,Employed,753,906850,5,1205,0.003928472459940991,Average,3,92020.5
31,5727,Unemployed,411,208846,12,356089,62.17723066177754,Bad,8,1718.1
31,48822,Self-employed,471,696335,9,13442,0.27532669698086926,Good,0,14646.6
44,395543,Employed,677,134212,10,354970,0.8974245530827243,Average,4,118662.9
56,395732,Self-employed,806,944346,18,223716,0.5653219855862048,Bad,9,118719.59999999999
44,159591,Self-employed,826,814853,15,399907,2.5058242632729915,Average,5,47877.299999999996
23,235603,Employed,818,790140,10,39909,0.16939088211949763,Good,1,70680.9
42,377949,Self-employed,507,923134,15,282648,0.7478469317288841,Good,0,113384.7
22,164912,Self-employed,629,414811,17,96698,0.5863612108275928,Bad,7,49473.6
44,643655,Employed,804,602309,16,237104,0.3683712547871142,Good,0,193096.5
50,418841,Self-employed,815,161380,6,181402,0.4331046865039478,Bad,9,125652.29999999999
58,25539,Unemployed,354,46789,7,88087,3.4491170366889854,Bad,9,7661.7
22,226711,Self-employed,526,975194,8,210991,0.9306606207903454,Bad,9,68013.3
41,14215,Unemployed,328,28086,21,214104,15.061836088638762,Bad,7,4264.5
53,344606,Self-employed,378,281003,10,42716,0.12395605416040348,Good,1,103381.8
32,186080,Employed,788,533972,11,206696,1.1107910576096303,Good,0,55824.0
42,768456,Employed,776,93088,19,179054,0.2330048825176718,Good,1,230536.8
45,554264,Self-employed,578,396423,15,159516,0.287797872493974,Good,2,166279.19999999998
47,417128,Employed,685,572387,7,173817,0.4166994303906714,Bad,9,125138.4
48,195861,Self-employed,457,987000,10,35571,0.1816134912003921,Bad,7,58758.299999999996
36,281666,Employed,680,592381,6,224023,0.7953498114788438,Good,2,84499.8
35,12526,Unemployed,483,162761,18,356424,28.45473415296184,Average,5,3757.7999999999997
23,962004,Self-employed,765,837083,13,216290,0.22483274497819136,Average,4,288601.2
57,12830,Unemployed,489,540181,22,46038,3.5883086515978175,Average,5,3849.0
27,12910,Unemployed,317,493024,23,73795,5.7161115414407435,Good,2,3873.0
41,55248,Self-employed,316,592706,16,308312,5.580509701708659,Bad,7,16574.399999999998
29,14746,Unemployed,369,127074,17,210154,14.251593652515936,Bad,9,4423.8
59,46954,Self-employed,845,891497,16,68690,1.4629211568769434,Average,3,14086.199999999999
38,5595,Unemployed,452,132351,16,377197,67.41680071492404,Average,3,1678.5
24,569931,Self-employed,501,717371,22,12230,0.021458737987580953,Bad,8,170979.3
45,943327,Self-employed,822,40635,13,346445,0.3672586494396959,Average,5,282998.1
34,751754,Employed,717,975619,21,137974,0.18353610356579414,Average,3,225526.19999999998
29,554308,Self-employed,521,97071,20,329902,0.5951600915014758,Bad,8,166292.4
46,876806,Self-employed,306,997909,21,28050,0.03199111319949909,Average,3,263041.8
22,29290,Unemployed,315,467918,12,362949,12.391567087743256,Average,4,8787.0
40,858415,Self-employed,823,866950,15,206658,0.24074369623084405,Good,2,257524.5
48,688210,Employed,740,370377,6,332254,0.48277996541753243,Average,4,206463.0
27,16953,Unemployed,470,892083,12,365177,21.54055329440217,Good,0,5085.9
28,28535,Unemployed,316,599093,16,77693,2.722726476257228,Bad,9,8560.5
55,498255,Employed,796,978458,5,385572,0.7738447180660505,Good,0,149476.5
34,20493,Unemployed,326,423280,17,20575,1.004001366320207,Bad,7,6147.9
37,37408,Unemployed,365,911245,21,191012,5.106180496150556,Good,2,11222.4
56,39440,Unemployed,391,343207,18,303388,7.692393509127789,Good,1,11832.0
24,9532,Unemployed,360,266598,18,278106,29.176038606798155,Good,1,2859.6
22,78037,Employed,758,285022,20,232898,2.9844560913412868,Average,5,23411.1
26,122115,Employed,602,184170,21,257551,2.10908569790771,Average,3,36634.5
24,18280,Unemployed,354,195226,10,363839,19.903665207877463,Average,4,5484.0
49,9864,Unemployed,400,146063,11,249435,25.287408759124087,Average,4,2959.2
38,653813,Employed,800,594632,5,248943,0.38075565949285195,Average,3,196143.9
46,253457,Employed,736,893378,19,91388,0.36056609207873525,Good,1,76037.09999999999
54,45385,Employed,620,562881,22,228292,5.030120083728104,Average,3,13615.5
30,36225,Unemployed,481,562592,17,78332,2.1623740510697034,Bad,8,10867.5
56,8782,Unemployed,345,425602,6,185566,21.130266454110682,Good,0,2634.6
34,513670,Self-employed,842,712580,23,390530,0.7602741059435045,Good,0,154101.0
51,603399,Employed,814,115613,19,308181,0.5107416485609025,Bad,7,181019.69999999998
35,24049,Unemployed,316,726698,16,113666,4.726433531539773,Average,3,7214.7
28,734397,Employed,731,489505,19,128048,0.17435801072172136,Bad,6,220319.1
34,8513,Unemployed,323,416299,22,263072,30.902384588276753,Good,1,2553.9
43,729500,Employed,690,544642,18,346184,0.4745496915695682,Good,0,218850.0
41,19837,Unemployed,390,286334,10,112264,5.6593234864142765,Good,1,5951.099999999999
36,170912,Self-employed,486,532430,16,162113,0.9485173656618611,Bad,8,51273.6
38,822439,Self-employed,637,423614,10,273859,0.3329839659841034,Average,3,246731.69999999998
44,148637,Employed,536,185043,13,324870,2.185660367203321,Good,2,44591.1
46,31393,Unemployed,436,830294,8,396124,12.618226993278757,Average,3,9417.9
45,27754,Unemployed,363,710770,21,381352,13.740433811342509,Good,0,8326.199999999999
49,920695,Employed,681,152575,6,169147,0.18371664883593372,Average,5,276208.5
35,10993,Unemployed,385,127438,20,196659,17.889475120531248,Bad,8,3297.9
21,123650,Employed,552,574744,18,316792,2.5620056611403155,Good,1,37095.0
45,21138,Unemployed,330,626455,12,22134,1.0471189327277888,Good,1,6341.4
27,288480,Employed,599,870467,18,247257,0.8571027454242929,Good,2,86544.0
29,17886,Unemployed,446,796448,6,319287,17.85122442133512,Bad,6,5365.8
44,636603,Employed,514,266528,20,70123,0.11015185288162324,Bad,7,190980.9
21,34086,Unemployed,470,195392,8,177225,5.199348706213695,Average,3,10225.8
28,130604,Self-employed,762,410288,5,134485,1.0297157820587424,Bad,9,39181.2
44,23033,Unemployed,406,104239,18,222646,9.666391698866843,Good,1,6909.9
31,421065,Employed,629,637719,12,154627,0.367228337667581,Average,4,126319.5
37,844763,Self-employed,570,868450,7,201065,0.23801350201180685,Bad,7,253428.9
28,34059,Unemployed,349,566798,9,384801,11.298070994450805,Average,5,10217.699999999999
55,843821,Self-employed,358,706293,10,67686,0.08021369461058685,Average,3,253146.3
55,35297,Unemployed,414,810258,12,375985,10.652038416862624,Average,5,10589.1
53,288466,Self-employed,803,332170,10,33264,0.11531341648582502,Good,1,86539.8
25,633841,Employed,622,123668,10,237830,0.37522028395133794,Good,2,190152.3
59,33295,Unemployed,456,768988,8,186431,5.599369274665865,Bad,8,9988.5
48,16492,Unemployed,317,420734,11,373029,22.61878486538928,Good,2,4947.599999999999
27,671462,Employed,549,550333,23,230394,0.34312291685903296,Average,3,201438.6
29,549653,Self-employed,417,183948,11,141880,0.2581264907132318,Average,5,164895.9
28,293881,Employed,690,487662,7,53330,0.18146800916017028,Good,2,88164.3
32,188571,Employed,822,616390,12,115672,0.613413515333747,Average,5,56571.299999999996
54,133692,Self-employed,377,316063,5,301489,2.2551012775633548,Good,2,40107.6
53,420555,Employed,574,625729,5,40222,0.0956402848616709,Average,5,126166.5
43,5294,Unemployed,324,160175,18,58755,11.098413298073291,Bad,8,1588.2
44,29596,Unemployed,437,251877,10,272077,9.193032842275983,Bad,8,8878.8
57,16434,Unemployed,314,955692,14,331351,20.16252890349276,Good,1,4930.2
55,330242,Employed,547,138917,18,175811,0.5323702012463587,Good,2,99072.59999999999
42,22493,Unemployed,448,219770,8,179810,7.99404259102832,Good,2,6747.9
47,8771,Unemployed,415,956178,10,367835,41.93763538935127,Good,0,2631.2999999999997
55,22558,Unemployed,440,644613,20,106137,4.705071371575494,Good,1,6767.4
21,31567,Unemployed,308,545625,5,216616,6.862102828903602,Average,5,9470.1
55,37376,Unemployed,414,679673,10,361962,9.684342893835616,Bad,9,11212.8
57,26922,Unemployed,400,946447,13,361654,13.433400193150582,Average,3,8076.599999999999
34,583620,Employed,645,342093,19,100251,0.17177444227408245,Bad,8,175086.0
23,28495,Unemployed,380,788708,16,147452,5.174662221442358,Average,5,8548.5
21,31849,Unemployed,305,315295,7,281356,8.83406072404157,Average,5,9554.699999999999
25,658525,Self-employed,366,937115,15,291318,0.44237956038115483,Average,5,197557.5
46,394939,Employed,599,669304,19,138166,0.349841367907449,Good,2,118481.7
34,655675,Employed,736,841319,7,105649,0.16113013306897472,Bad,9,196702.5
59,523377,Employed,757,607730,18,52319,0.09996427049717507,Good,0,157013.1
47,703166,Employed,836,51847,6,178800,0.25427850607111263,Good,2,210949.8
29,23653,Unemployed,455,60653,8,88846,3.7562254259501966,Average,3,7095.9
35,26133,Unemployed,471,743432,23,171372,6.557685684766387,Bad,8,7839.9
35,423973,Self-employed,715,779949,16,55808,0.13163102367367732,Bad,9,127191.9
46,835445,Self-employed,625,320766,6,212177,0.25396884295195976,Bad,6,250633.5
33,437922,Employed,843,291954,21,43616,0.09959764524276013,Bad,9,131376.6
52,557197,Self-employed,582,79842,7,337473,0.6056619113168233,Good,1,167159.1
59,523993,Self-employed,528,910657,14,235815,0.45003463786729975,Good,2,157197.9
52,509095,Employed,779,274647,20,157359,0.30909555191074356,Bad,7,152728.5
24,187541,Employed,789,86761,13,391101,2.085415989037064,Good,1,56262.299999999996
50,406063,Self-employed,346,432192,15,166043,0.40890945493679554,Bad,7,121818.9
57,14166,Unemployed,323,914871,19,57152,4.03444867993788,Good,2,4249.8
43,152776,Self-employed,573,800022,7,43351,0.2837553018798764,Average,4,45832.799999999996
59,660915,Self-employed,612,518637,20,192112,0.29067580551205524,Average,3,198274.5
35,6386,Unemployed,455,668246,16,228977,35.856091450046975,Bad,8,1915.8
49,15619,Unemployed,498,932370,9,220631,14.12580831039119,Bad,9,4685.7
56,814278,Employed,661,330768,11,385521,0.47345132743362833,Good,1,244283.4
33,496389,Employed,733,988403,13,61616,0.1241284557071168,Bad,8,148916.69999999998
52,378410,Self-employed,415,690152,22,243493,0.643463439126873,Bad,7,113523.0
27,15618,Unemployed,323,404980,12,155969,9.986489947496478,Good,0,4685.4
42,652215,Employed,605,783198,16,286154,0.43874182593163297,Bad,9,195664.5
48,351229,Self-employed,536,122356,6,122822,0.34969208123475,Bad,9,105368.7
22,12642,Unemployed,399,219228,14,152186,12.03812687865844,Average,5,3792.6
26,584844,Self-employed,604,44727,23,282194,0.4825115757364357,Average,5,175453.19999999998
48,547473,Employed,785,342615,13,247309,0.4517282130808277,Average,4,164241.9
48,781943,Employed,602,534356,12,284269,0.36354184384283766,Bad,6,234582.9
40,35782,Unemployed,474,643211,5,176918,4.94432955117098,Good,2,10734.6
50,751777,Self-employed,740,402511,10,355805,0.47328529603858593,Average,4,225533.1
31,34409,Unemployed,306,436376,16,258156,7.502572001511233,Bad,6,10322.699999999999
48,876462,Employed,591,13390,23,89116,0.1016769694521839,Average,3,262938.6
45,216278,Employed,689,633040,21,120233,0.5559187712111264,Good,0,64883.399999999994
59,576238,Self-employed,775,939635,6,353299,0.6131129845654053,Good,0,172871.4
53,459142,Self-employed,761,358898,15,392987,0.8559160346907928,Good,2,137742.6
21,736188,Self-employed,785,340113,22,14869,0.02019728656267149,Good,2,220856.4
47,16907,Unemployed,407,672398,15,63167,3.7361447920979476,Good,0,5072.099999999999
33,442359,Self-employed,708,971831,22,188219,0.42548925194242687,Good,1,132707.69999999998
23,841614,Self-employed,496,751078,12,244758,0.2908197819903186,Bad,7,252484.19999999998
59,649330,Employed,722,341208,19,144194,0.22206582169312983,Average,3,194799.0
26,207129,Employed,749,23281,13,175899,0.8492243963906551,Good,0,62138.7
28,551707,Self-employed,539,56189,19,145407,0.26355837428200113,Average,4,165512.1
47,650499,Self-employed,770,264093,11,252536,0.388218890421046,Average,3,195149.69999999998
29,778294,Employed,688,312655,17,326720,0.4197899508411988,Bad,6,233488.19999999998
57,781646,Self-employed,665,648403,17,22677,0.029011854471205634,Good,2,234493.8
53,14505,Unemployed,405,534893,5,126662,8.732299207169941,Good,2,4351.5
44,7105,Unemployed,308,364462,8,77794,10.949190710767066,Bad,6,2131.5
35,38560,Unemployed,415,396597,8,76675,1.9884595435684647,Bad,6,11568.0
52,510421,Self-employed,702,986138,8,305469,0.598464796707032,Bad,9,153126.3
52,147798,Employed,618,808242,17,41503,0.28080894193426165,Bad,8,44339.4
44,242902,Self-employed,635,251415,6,282658,1.1636709454841871,Bad,6,72870.59999999999
32,479650,Self-employed,373,681682,19,57196,0.11924528301886793,Average,5,143895.0
59,817646,Employed,823,43869,8,357777,0.43756955944259496,Bad,9,245293.8
22,340258,Employed,646,559243,10,182191,0.5354495706199414,Good,2,102077.4
23,879662,Employed,783,587676,7,84324,0.09585954605291577,Good,1,263898.6
57,37980,Unemployed,422,767612,11,142019,3.7393101632438124,Bad,8,11394.0
37,476022,Self-employed,693,12207,10,348694,0.7325165643604707,Bad,7,142806.6
22,417410,Employed,785,220401,7,343475,0.8228719963584964,Bad,7,125223.0
22,665501,Self-employed,404,987132,8,164704,0.24748873405148902,Bad,9,199650.3
48,18777,Unemployed,475,161292,14,151424,8.064334025669702,Bad,8,5633.099999999999
43,34441,Unemployed,353,479266,13,286797,8.327197235852617,Good,0,10332.3
57,164917,Employed,606,498762,10,199187,1.2078015001485596,Average,5,49475.1
52,577578,Employed,720,207157,15,360438,0.624050777557317,Bad,7,173273.4
53,890114,Self-employed,521,24031,11,44755,0.05028007648458512,Bad,8,267034.2
21,934449,Employed,700,465937,22,367440,0.3932156811126129,Bad,9,280334.7
39,508150,Self-employed,648,869239,8,99354,0.195521007576503,Good,2,152445.0
22,439824,Employed,701,597600,9,335132,0.7619684237331296,Good,1,131947.19999999998
46,202345,Self-employed,535,586054,8,301065,1.4878796115545232,Average,5,60703.5
52,607294,Self-employed,743,145521,8,309812,0.5101515904981772,Average,5,182188.19999999998
26,449256,Self-employed,305,353977,17,318319,0.7085470199618925,Average,4,134776.8
52,514163,Self-employed,426,189771,20,179810,0.34971400120195345,Average,3,154248.9
24,17178,Unemployed,454,239199,18,316596,18.43031784841076,Good,1,5153.4
31,814216,Self-employed,534,763019,15,200395,0.24612019414995528,Average,4,244264.8
37,708387,Employed,788,762129,6,309293,0.43661586110417044,Bad,9,212516.1
58,6823,Unemployed,496,637329,18,245965,36.04939176315404,Good,2,2046.8999999999999
44,18072,Unemployed,425,642473,11,278983,15.437306330234618,Good,1,5421.599999999999
25,282255,Self-employed,597,179164,15,3155,0.011177835645072718,Good,2,84676.5
54,29161,Unemployed,436,458887,8,55512,1.9036384211789719,Bad,8,8748.3
26,896255,Self-employed,386,536638,11,349294,0.389726138208434,Good,2,268876.5
42,160466,Employed,741,753518,20,127041,0.7917004225194122,Bad,7,48139.799999999996
31,186446,Self-employed,762,889291,10,289334,1.551838065713397,Average,4,55933.799999999996
36,19772,Unemployed,353,515313,10,274072,13.86162249645964,Good,2,5931.599999999999
53,795523,Employed,741,787858,6,311569,0.3916530383156741,Bad,6,238656.9
29,637088,Self-employed,622,70487,12,75134,0.11793347229896027,Good,0,191126.4
26,411691,Employed,689,150694,11,110875,0.2693160647184417,Average,4,123507.29999999999
36,54502,Employed,651,125853,18,218189,4.003320979046641,Good,2,16350.599999999999
49,37737,Unemployed,345,989767,13,125264,3.319394758459867,Average,5,11321.1
23,612933,Employed,638,317261,19,181046,0.2953764930261546,Good,1,183879.9
40,13998,Unemployed,462,237062,22,373335,26.670595799399916,Bad,9,4199.4
56,362336,Employed,801,453610,16,180815,0.4990257661397156,Average,3,108700.8
39,172973,Self-employed,435,235077,23,366860,2.120909043607962,Good,1,51891.9
46,82021,Employed,718,889516,17,202107,2.4640884651491692,Average,4,24606.3
23,373987,Self-employed,845,25782,11,57321,0.15327003345036058,Average,5,112196.09999999999
39,295655,Self-employed,378,511492,14,376926,1.274884578309178,Bad,7,88696.5
40,913435,Employed,772,816886,14,110398,0.12086026920361055,Bad,6,274030.5
52,925736,Self-employed,607,856336,6,322117,0.34795773309021144,Bad,7,277720.8
27,678565,Employed,720,656224,18,53414,0.07871611415266039,Bad,8,203569.5
53,799032,Employed,788,410808,17,249749,0.31256445298811564,Average,3,239709.59999999998
59,277827,Self-employed,412,155245,10,292836,1.054022827155028,Average,5,83348.09999999999
38,631652,Self-employed,504,952708,13,369102,0.5843439108876407,Good,1,189495.6
21,38172,Unemployed,485,955100,17,311894,8.170753431834854,Good,1,11451.6
31,69340,Self-employed,496,953828,13,331600,4.78223247764638,Good,1,20802.0
48,16017,Unemployed,305,124258,17,287229,17.9327589436224,Bad,8,4805.099999999999
45,791167,Self-employed,414,637956,9,286069,0.3615785289325768,Average,4,237350.09999999998
43,584636,Employed,564,456418,18,268759,0.4597031315211516,Average,3,175390.8
51,276635,Self-employed,538,484616,9,300227,1.0852820503551612,Good,0,82990.5
50,781917,Employed,509,388328,13,373908,0.4781939771101025,Good,2,234575.1
55,948472,Employed,732,508581,12,10605,0.011181141878727048,Average,5,284541.6
27,65010,Employed,511,425966,11,374237,5.756606675896016,Bad,9,19503.0
36,30496,Unemployed,476,995616,12,307752,10.091552990556139,Good,2,9148.8
46,918584,Self-employed,516,280710,7,391932,0.4266697438666469,Good,1,275575.2
22,633146,Employed,617,664550,19,20192,0.03189153844452938,Average,3,189943.8
21,755155,Employed,538,564621,12,397547,0.5264442399242539,Average,3,226546.5
32,15292,Unemployed,355,386073,5,314474,20.56460894585404,Good,0,4587.599999999999
25,106735,Self-employed,684,738265,11,229464,2.149847753782733,Good,2,32020.5
57,85771,Self-employed,552,615859,23,313093,3.6503363607746206,Bad,8,25731.3
52,38547,Unemployed,334,122263,6,69382,1.7999325498741796,Bad,7,11564.1
29,24276,Unemployed,479,921093,18,100233,4.1288927335640135,Bad,8,7282.8
55,403750,Self-employed,534,551523,22,53243,0.13187120743034056,Bad,9,121125.0
39,37563,Unemployed,379,2159,19,363710,9.682666453691132,Good,0,11268.9
36,172558,Self-employed,321,669505,18,321762,1.864659998377357,Good,1,51767.4
23,301412,Self-employed,739,164993,23,139621,0.4632230966252173,Good,2,90423.59999999999
40,318480,Employed,557,369003,23,381312,1.197287113790505,Bad,8,95544.0
44,117132,Employed,691,149309,21,53494,0.45669842570774855,Good,0,35139.6
53,149378,Self-employed,402,109507,23,220045,1.4730750177402294,Average,4,44813.4
44,603411,Self-employed,306,927748,20,287102,0.47579841931950195,Bad,9,181023.3
31,757255,Self-employed,530,16743,23,221851,0.2929673623812322,Average,5,227176.5
28,505585,Self-employed,539,754462,5,108960,0.2155127228853704,Bad,8,151675.5
56,113775,Self-employed,756,48101,23,103478,0.9094968138870578,Good,1,34132.5
58,851056,Self-employed,653,244717,11,6833,0.008028848865409562,Bad,7,255316.8
40,35028,Unemployed,482,647822,15,249053,7.110111910471622,Average,5,10508.4
55,321790,Self-employed,591,348371,9,100341,0.3118213741881351,Bad,8,96537.0
45,13536,Unemployed,451,232604,21,203850,15.059840425531915,Average,3,4060.7999999999997
55,11273,Unemployed,440,189450,15,95240,8.44850527809811,Good,1,3381.9
45,130342,Self-employed,392,859558,12,371099,2.8471175829740223,Average,5,39102.6
49,341497,Self-employed,583,844503,14,209929,0.6147316081839664,Good,2,102449.09999999999
38,31555,Unemployed,454,728481,16,171002,5.419172872761845,Average,5,9466.5
38,22127,Unemployed,332,338907,14,164479,7.433407149636191,Good,2,6638.099999999999
22,540827,Self-employed,439,489030,17,267217,0.49408960721265766,Average,3,162248.1
55,937196,Self-employed,322,761710,22,280811,0.29962889299570206,Good,1,281158.8
36,33615,Unemployed,411,407453,14,7732,0.23001636174326937,Good,2,10084.5
56,20629,Unemployed,390,673009,23,318241,15.42687478791992,Good,1,6188.7
53,22740,Unemployed,384,170785,21,4487,0.1973175021987687,Average,4,6822.0
24,696220,Employed,530,206535,20,232560,0.33403234609749793,Average,5,208866.0
53,6764,Unemployed,421,702769,9,320846,47.43435836782969,Good,2,2029.1999999999998
34,837274,Employed,809,181838,7,258743,0.3090302577173064,Bad,8,251182.19999999998
41,833804,Self-employed,598,572442,19,358105,0.42948342776000115,Good,0,250141.19999999998
40,43744,Self-employed,670,271160,6,86107,1.9684299561082663,Bad,8,13123.199999999999
28,25454,Unemployed,370,474779,17,108721,4.271273670150075,Good,1,7636.2
27,374061,Self-employed,779,443904,12,334175,0.8933703326462796,Average,4,112218.3
23,532938,Self-employed,361,878110,21,347361,0.6517850106391363,Bad,9,159881.4
37,882676,Self-employed,848,900488,8,277925,0.31486638358808894,Average,3,264802.8
53,794622,Self-employed,681,580526,23,303009,0.38132470533159163,Bad,8,238386.59999999998
32,259767,Employed,551,322752,13,9469,0.036451897277175314,Bad,9,77930.09999999999
42,720778,Employed,788,615369,19,308311,0.4277475172660653,Bad,8,216233.4
42,23768,Unemployed,341,249644,13,256938,10.810249074385728,Bad,6,7130.4
50,20563,Unemployed,411,951401,13,213810,10.397801877158003,Average,3,6168.9
58,32885,Unemployed,425,839393,18,283072,8.607936749277787,Bad,8,9865.5
58,721442,Self-employed,435,201775,20,208593,0.28913342999160013,Good,2,216432.6
28,749854,Self-employed,807,964261,21,302743,0.4037359272605067,Good,1,224956.19999999998
47,101017,Employed,563,815349,17,329648,3.2632923171347397,Bad,8,30305.1
47,532394,Employed,753,942240,13,71687,0.13465027780177838,Average,5,159718.19999999998
54,24932,Unemployed,413,816422,19,372266,14.931253008182257,Average,4,7479.599999999999
41,331075,Employed,515,64551,11,164331,0.4963558106169297,Bad,9,99322.5
50,854464,Employed,707,977665,5,257797,0.3017060987940978,Average,4,256339.19999999998
53,766786,Employed,665,736983,5,87284,0.11383097761304979,Average,4,230035.8
48,711509,Employed,680,679800,9,86227,0.12118890976783146,Average,4,213452.69999999998
53,786572,Employed,604,168277,13,98556,0.1252981290968913,Bad,6,235971.59999999998
25,31201,Unemployed,458,82811,16,44560,1.4281593538668633,Good,1,9360.3
39,24899,Unemployed,375,781128,10,290400,11.663119000763082,Good,0,7469.7
24,313126,Employed,578,843535,17,7125,0.022754418349162957,Good,1,93937.8
55,15150,Unemployed,469,466028,12,5370,0.35445544554455444,Good,1,4545.0
37,777783,Self-employed,695,961131,19,5838,0.007505949602909809,Good,1,233334.9
48,142223,Employed,844,370266,10,115479,0.811957278358634,Average,5,42666.9
50,622574,Self-employed,701,236104,10,58429,0.09385069084157065,Average,3,186772.19999999998
49,22358,Unemployed,305,545296,8,397350,17.772162089632346,Average,4,6707.4
26,29811,Unemployed,470,204346,15,243067,8.153601019757808,Bad,8,8943.3
55,418811,Self-employed,462,558690,22,44199,0.10553447736568523,Average,3,125643.29999999999
57,31853,Unemployed,481,186456,7,78092,2.4516372084262077,Good,0,9555.9
44,553512,Employed,817,786282,7,388069,0.7011031377820174,Average,5,166053.6
49,648012,Self-employed,509,401009,16,165894,0.2560045184348438,Good,0,194403.6
51,197567,Employed,844,498043,10,225585,1.1418151816852005,Average,5,59270.1
55,953319,Self-employed,385,138643,10,283257,0.29712719456970854,Good,1,285995.7
53,27942,Unemployed,437,492083,12,195666,7.002576766158471,Average,5,8382.6
41,192063,Self-employed,800,935713,19,97102,0.5055736919656572,Good,0,57618.9
52,824781,Self-employed,432,115550,22,265813,0.3222831272786352,Good,0,247434.3
43,81990,Employed,636,486146,20,181499,2.2136723990730576,Bad,9,24597.0
53,8385,Unemployed,486,962652,10,145010,17.29397734048897,Average,4,2515.5
23,654860,Employed,545,93218,21,399933,0.6107152673853954,Good,2,196458.0
38,31119,Unemployed,422,135296,13,340962,10.956714547382628,Average,4,9335.699999999999
45,360515,Employed,678,501909,23,196647,0.5454613538965092,Good,2,108154.5
51,899285,Self-employed,338,520767,22,80737,0.08977910228681675,Bad,9,269785.5
23,907860,Employed,677,181767,9,25406,0.027984491000815105,Bad,8,272358.0
44,13353,Unemployed,374,909211,10,228894,17.141765895304427,Bad,8,4005.8999999999996
52,6909,Unemployed,403,393858,16,13873,2.007960631060935,Bad,7,2072.7
42,347176,Self-employed,353,767348,15,126812,0.365267184367583,Good,1,104152.8
43,39731,Unemployed,333,242016,20,345192,8.688228335556618,Average,3,11919.3
22,171553,Employed,612,34441,21,24461,0.14258567323217897,Bad,7,51465.9
47,614269,Self-employed,617,240038,13,14448,0.023520639980204112,Bad,8,184280.69999999998
22,33205,Unemployed,355,696489,5,16198,0.48781809968378254,Bad,8,9961.5
46,21006,Unemployed,417,757612,7,74158,3.53032466914215,Average,5,6301.8
37,865544,Employed,688,850800,13,226075,0.26119411607035575,Good,1,259663.19999999998
53,875442,Employed,711,618410,23,167033,0.190798476655221,Good,0,262632.6
29,522537,Self-employed,412,46760,17,175079,0.3350556994050182,Good,1,156761.1
59,6067,Unemployed,427,287622,18,66470,10.95599142904236,Good,0,1820.1
49,270491,Employed,657,916313,23,184328,0.6814570540239786,Average,4,81147.3
46,262808,Self-employed,693,860286,11,21739,0.0827181820949134,Average,5,78842.4
55,20187,Unemployed,445,882662,8,347198,17.19908852231634,Average,3,6056.099999999999
45,24563,Unemployed,486,349860,16,321330,13.081871106949476,Bad,7,7368.9
44,721605,Self-employed,614,669540,18,27547,0.03817462462150346,Average,5,216481.5
33,285752,Self-employed,527,100538,6,95472,0.334107897757496,Good,0,85725.59999999999
27,887759,Employed,766,541660,5,348967,0.3930875383972452,Average,3,266327.7
56,22221,Unemployed,422,818228,22,107887,4.855182035011926,Bad,8,6666.3
40,25968,Unemployed,489,977776,12,183503,7.066504929143561,Good,2,7790.4
21,22070,Unemployed,333,513511,7,210483,9.537063887630268,Average,4,6621.0
28,460651,Self-employed,656,223035,10,273830,0.5944413449661458,Good,1,138195.3
36,816064,Employed,731,887258,17,149608,0.18332875852874284,Good,2,244819.19999999998
34,25802,Unemployed,381,384736,13,297206,11.518719479110146,Average,4,7740.599999999999
32,736316,Self-employed,798,357779,13,311360,0.42286192341331713,Average,5,220894.8
43,24775,Unemployed,382,637310,13,294797,11.898970736629668,Bad,9,7432.5
35,990814,Employed,761,580328,19,22673,0.022883205122253017,Average,5,297244.2
48,26263,Unemployed,499,863789,17,142439,5.423561664699387,Average,4,7878.9
54,864799,Employed,679,728728,20,20629,0.02385409788864233,Average,4,259439.69999999998
22,305375,Employed,670,604644,6,121756,0.3987097830536226,Good,0,91612.5
52,26168,Unemployed,412,280355,18,112641,4.3045322531335986,Bad,6,7850.4
43,15635,Unemployed,437,369570,10,288207,18.433450591621362,Good,1,4690.5
42,780406,Employed,810,269986,6,282466,0.36194749912225177,Average,4,234121.8
45,737288,Self-employed,348,458331,12,216618,0.29380377817080977,Bad,7,221186.4
42,893907,Employed,776,855284,8,275837,0.3085746056357093,Average,3,268172.1
42,21676,Unemployed,415,389881,18,141313,6.519330134711201,Good,1,6502.8
26,30112,Unemployed,434,310112,15,365523,12.138781880977684,Good,0,9033.6
35,433670,Self-employed,533,805940,18,275795,0.6359559111767011,Average,3,130101.0
57,879104,Employed,592,155077,16,158038,0.17977167661619103,Bad,9,263731.2
53,44429,Employed,826,56575,20,272419,6.131558216480227,Good,0,13328.699999999999
28,407721,Employed,779,475958,10,46606,0.11430855903914687,Average,3,122316.29999999999
25,27538,Unemployed,372,676331,5,2658,0.09652117074587842,Average,5,8261.4
59,241979,Employed,534,420815,16,226571,0.936325053000467,Average,4,72593.7
24,42310,Self-employed,751,482808,11,73468,1.7364216497281966,Bad,9,12693.0
26,23147,Unemployed,484,593202,12,171799,7.422084935412797,Average,4,6944.099999999999
52,15892,Unemployed,322,775422,13,150273,9.455889755852,Average,5,4767.599999999999
50,331033,Employed,728,593343,6,42150,0.1273286953264478,Good,1,99309.9
55,377646,Self-employed,643,613985,21,247220,0.6546342341769805,Average,3,113293.8
36,30995,Unemployed,333,632527,17,278143,8.97380222616551,Bad,9,9298.5
33,34823,Unemployed,489,237469,9,252775,7.258851908221578,Average,5,10446.9
50,524476,Employed,530,125106,14,269520,0.5138843340782038,Bad,6,157342.8
39,511153,Employed,514,793787,16,314817,0.6158958276680367,Average,5,153345.9
37,942272,Self-employed,374,842552,21,266620,0.2829543910887727,Average,3,282681.6
39,711505,Employed,695,469835,10,249465,0.35061594788511674,Average,4,213451.5
48,555730,Self-employed,328,302486,7,333046,0.5992946214888525,Bad,7,166719.0
46,30596,Unemployed,315,998364,19,354413,11.583638384102498,Good,1,9178.8
57,571694,Self-employed,704,4257,11,210066,0.36744482188023664,Bad,8,171508.19999999998
46,687923,Self-employed,830,291508,10,99331,0.14439261370822026,Good,1,206376.9
43,796494,Self-employed,376,682332,8,12164,0.015271929229849816,Bad,8,238948.19999999998
29,11372,Unemployed,493,113715,23,302460,26.596904678156875,Average,3,3411.6
32,811608,Employed,702,28654,9,200632,0.24720308326187027,Average,4,243482.4
21,21956,Unemployed,325,738129,7,161631,7.361586809983604,Good,0,6586.8
21,961398,Employed,602,345567,13,326112,0.3392060312170402,Good,1,288419.39999999997
54,205658,Self-employed,625,293464,10,198872,0.9670034717832519,Bad,6,61697.399999999994
52,741618,Self-employed,658,547096,17,141119,0.1902852951249835,Bad,8,222485.4
45,893513,Self-employed,623,578677,8,204195,0.2285305306134326,Good,1,268053.89999999997
21,105025,Self-employed,625,490906,6,135942,1.294377529159724,Good,2,31507.5
36,156152,Self-employed,464,120581,8,35094,0.22474255853271172,Bad,8,46845.6
59,940908,Employed,591,129927,12,318473,0.3384741122405166,Good,0,282272.39999999997
25,987213,Employed,652,36773,17,141289,0.14311906346452083,Good,1,296163.89999999997
42,320104,Self-employed,426,708528,14,346282,1.0817796716067278,Good,2,96031.2
49,32250,Unemployed,305,422963,22,67141,2.081891472868217,Good,0,9675.0
23,21475,Unemployed,438,340540,13,154415,7.190454016298021,Average,3,6442.5
32,521576,Self-employed,748,503590,5,129307,0.24791593171464946,Average,3,156472.8
46,469628,Employed,839,371836,17,182894,0.3894444113213011,Good,1,140888.4
36,13128,Unemployed,351,216764,22,346341,26.38185557586837,Bad,7,3938.3999999999996
57,37450,Unemployed,330,583793,19,345462,9.224619492656876,Average,3,11235.0
42,18750,Unemployed,409,874328,6,162101,8.645386666666667,Bad,9,5625.0
49,218596,Self-employed,808,544423,15,80023,0.3660771468828341,Bad,9,65578.8
34,28704,Unemployed,301,617175,18,315106,10.977773132664437,Average,4,8611.199999999999
48,10622,Unemployed,385,124118,19,376181,35.41527019393711,Bad,6,3186.6
25,33419,Unemployed,463,311521,18,171114,5.120260929411413,Bad,9,10025.699999999999
50,30605,Unemployed,448,156626,20,88601,2.8949844796601862,Good,1,9181.5
25,276476,Employed,617,850923,19,85859,0.3105477509801936,Good,1,82942.8
32,369534,Self-employed,767,975125,23,91933,0.2487808970216543,Good,0,110860.2
36,883752,Self-employed,569,247739,13,46957,0.053133684563090096,Average,3,265125.6
46,693779,Employed,836,846715,9,346008,0.49872942248179897,Good,1,208133.69999999998
46,719197,Employed,643,480356,9,389502,0.5415790110359192,Bad,6,215759.1
41,709237,Self-employed,639,281067,15,306883,0.4326945717722003,Bad,6,212771.1
59,39523,Unemployed,307,311735,8,301877,7.6380082483617135,Bad,6,11856.9
56,36106,Unemployed,318,588549,22,46389,1.284800310197751,Bad,6,10831.8
53,52456,Self-employed,365,318480,7,161787,3.0842420314168066,Bad,7,15736.8
50,6102,Unemployed,385,338227,8,171188,28.054408390691577,Average,5,1830.6
57,863147,Employed,701,587236,18,320066,0.37081285111342566,Bad,7,258944.09999999998
43,11256,Unemployed,390,242891,11,18580,1.6506751954513148,Average,3,3376.7999999999997
30,34401,Unemployed,376,166074,12,379044,11.018400627888724,Bad,9,10320.3
25,11554,Unemployed,420,475314,20,395039,34.19066989787087,Average,3,3466.2
56,440583,Self-employed,451,511452,19,260073,0.5902928619579058,Average,4,132174.9
54,250994,Employed,738,992520,11,224080,0.8927703451078511,Bad,6,75298.2
51,31205,Unemployed,347,290816,21,270228,8.659766063130908,Bad,9,9361.5
30,550470,Self-employed,761,792645,16,341135,0.6197158791578106,Bad,9,165141.0
39,21043,Unemployed,470,143365,22,83455,3.9659269115620397,Bad,7,6312.9
52,227008,Employed,795,451076,18,375684,1.6549372709331829,Good,2,68102.4
21,15416,Unemployed,384,64507,19,377684,24.499481058640374,Good,0,4624.8
25,898408,Employed,842,59134,19,254297,0.283052911372116,Average,5,269522.39999999997
24,6875,Unemployed,491,135172,9,144041,20.95141818181818,Average,5,2062.5
36,984570,Employed,684,243225,20,280477,0.2848725839706674,Good,0,295371.0
44,10752,Unemployed,373,195069,9,390326,36.30264136904762,Average,3,3225.6
36,712346,Employed,715,816604,6,230919,0.32416690765442635,Bad,9,213703.8
22,15794,Unemployed,418,808564,13,37668,2.384956312523743,Average,4,4738.2
48,21406,Unemployed,454,775221,13,275089,12.851023077641782,Average,4,6421.8
52,776257,Self-employed,548,806631,8,103528,0.13336820151058218,Average,3,232877.1
47,46708,Self-employed,433,562897,19,47526,1.0175130598612658,Good,1,14012.4
40,968304,Employed,521,176037,15,48717,0.050311678976850245,Good,2,290491.2
44,26352,Unemployed,387,665376,5,233242,8.851017000607165,Average,5,7905.599999999999
32,385992,Employed,624,434995,22,216238,0.5602136831851438,Bad,6,115797.59999999999
55,413654,Self-employed,350,498013,5,238644,0.5769169402447456,Average,4,124096.2
53,193543,Employed,675,296025,12,353624,1.8271081878445616,Good,0,58062.9
53,401557,Employed,752,739954,20,210421,0.5240127802528657,Bad,8,120467.09999999999
57,59213,Self-employed,545,812904,22,136673,2.308158681370645,Average,3,17763.899999999998
32,18026,Unemployed,405,502098,13,276074,15.315322312215688,Good,0,5407.8
23,377328,Employed,815,709173,16,5333,0.014133591994233134,Bad,9,113198.4
21,144565,Self-employed,847,757728,23,203007,1.4042610590391866,Average,3,43369.5
53,7763,Unemployed,465,259803,22,121384,15.636223109622568,Good,0,2328.9
30,36498,Self-employed,567,693381,9,18839,0.5161652693298263,Bad,8,10949.4
49,917977,Employed,538,318275,6,314481,0.342580478595869,Average,3,275393.1
33,10574,Unemployed,438,681447,11,21195,2.0044448647626254,Bad,9,3172.2
32,6587,Unemployed,330,14828,14,90229,13.698041597085167,Bad,6,1976.1
51,452628,Self-employed,445,981114,19,376395,0.8315769240966091,Bad,9,135788.4
22,475440,Self-employed,613,885096,11,113265,0.2382319535588087,Good,1,142632.0
55,918591,Self-employed,427,518835,9,261775,0.28497448810188647,Average,3,275577.3
43,17041,Unemployed,487,658761,19,172926,10.147643917610468,Bad,7,5112.3
37,21654,Unemployed,302,803625,19,365130,16.862011637572735,Bad,6,6496.2
46,780378,Employed,697,225461,14,314142,0.40255107140385815,Bad,7,234113.4
28,16586,Unemployed,355,440080,18,199462,12.025925479319909,Good,0,4975.8
49,417902,Employed,702,415523,14,294702,0.7051940407081086,Bad,9,125370.59999999999
46,856726,Self-employed,437,366662,21,266129,0.3106349054423468,Good,1,257017.8
30,444717,Self-employed,356,283755,18,324938,0.7306624212701561,Good,0,133415.1
46,14777,Unemployed,370,701151,6,44585,3.0171888746024225,Bad,9,4433.099999999999
54,26390,Self-employed,671,931454,20,216886,8.218491852974612,Bad,6,7917.0
27,229872,Self-employed,813,340384,17,303408,1.3198997703069535,Good,1,68961.59999999999
24,27375,Unemployed,383,241719,13,347960,12.710867579908676,Good,0,8212.5
31,792922,Employed,653,734763,11,35022,0.044168278847099715,Bad,9,237876.59999999998
49,20754,Unemployed,364,791177,20,19065,0.9186180977161029,Good,0,6226.2
56,108113,Employed,756,843675,14,377526,3.4919574889236262,Good,0,32433.899999999998
45,36891,Unemployed,360,268010,13,129145,3.5007183323845923,Bad,6,11067.3
41,9566,Unemployed,448,689605,11,350335,36.622935396194855,Bad,8,2869.7999999999997
56,852959,Self-employed,623,439940,20,334963,0.3927070351564378,Average,3,255887.69999999998
30,36115,Unemployed,321,917113,13,370302,10.253412709400527,Bad,9,10834.5
57,24859,Unemployed,381,597642,21,200933,8.082907598857556,Bad,8,7457.7
29,940976,Employed,785,53374,11,228391,0.24271713625002125,Bad,9,282292.8
44,397573,Self-employed,569,116397,15,266287,0.6697813986362253,Average,5,119271.9
55,115283,Employed,702,250552,12,233413,2.0246957487227086,Good,0,34584.9
55,120135,Employed,810,388721,11,320649,2.669072293669622,Bad,7,36040.5
56,444756,Self-employed,507,425332,23,163372,0.3673295020190846,Bad,7,133426.8
38,901716,Self-employed,737,869461,16,292040,0.3238713741355371,Average,3,270514.8
59,520609,Self-employed,635,882006,11,248541,0.4774043476005985,Average,5,156182.69999999998
52,16760,Unemployed,374,939951,12,235051,14.024522673031026,Average,4,5028.0
44,628538,Self-employed,462,294575,11,313773,0.4992108671233879,Good,0,188561.4
43,187058,Self-employed,840,413124,10,40916,0.21873429631451208,Average,3,56117.4
52,176172,Self-employed,594,31336,13,62330,0.3538019662602457,Good,2,52851.6
57,159065,Employed,784,829424,17,270695,1.7017885769968253,Bad,7,47719.5
32,147674,Employed,637,57350,11,364116,2.465674390888037,Bad,6,44302.2
33,8258,Unemployed,441,595849,12,382767,46.351053523855654,Bad,7,2477.4
43,985083,Employed,541,512470,21,188494,0.19134834323605218,Average,3,295524.89999999997
45,25317,Unemployed,459,840387,21,376360,14.865900383141762,Bad,6,7595.099999999999
55,499791,Employed,525,63240,20,330926,0.6621287698257872,Average,3,149937.3
50,976136,Self-employed,355,677453,6,328535,0.33656683085143874,Good,2,292840.8
37,803372,Employed,621,401371,12,368101,0.4581949582509722,Bad,9,241011.59999999998
40,37873,Unemployed,429,572895,21,124546,3.288516885380086,Good,2,11361.9
45,372864,Employed,657,952991,17,388150,1.040996180913148,Average,5,111859.2
42,869631,Self-employed,607,713028,22,64411,0.07406704682790746,Average,4,260889.3
33,23522,Unemployed,436,940467,14,241509,10.267366720516963,Bad,8,7056.599999999999
39,676253,Self-employed,409,183196,6,74185,0.10970006787400574,Bad,9,202875.9
56,401848,Self-employed,639,317014,6,132960,0.3308713742509606,Average,5,120554.4
32,18266,Unemployed,399,451763,18,128574,7.038979524800175,Bad,9,5479.8
39,121603,Self-employed,467,590398,20,189207,1.5559402317377038,Bad,9,36480.9
32,546228,Self-employed,751,186626,11,30424,0.05569835306868194,Good,1,163868.4
29,682168,Employed,604,678296,16,42559,0.062387857536559906,Average,4,204650.4
27,826247,Self-employed,449,381039,18,249290,0.3017136522129581,Good,1,247874.09999999998
48,54297,Self-employed,598,530714,8,274219,5.050352689835534,Bad,9,16289.099999999999
34,548910,Self-employed,347,746199,8,180044,0.32800276912426446,Good,1,164673.0
51,165381,Self-employed,538,816038,22,273094,1.6513021447445595,Average,5,49614.299999999996
39,32654,Unemployed,496,443048,7,137485,4.21035707723403,Good,2,9796.199999999999
36,247984,Employed,536,554439,5,40305,0.16253064713852505,Good,1,74395.2
25,791918,Self-employed,510,998807,21,266713,0.3367937084395102,Bad,9,237575.4
55,555901,Self-employed,464,275452,11,67778,0.12192458729162207,Average,5,166770.3
32,8196,Unemployed,380,242853,20,365777,44.62872132747682,Bad,6,2458.7999999999997
45,517191,Self-employed,513,982026,9,293229,0.5669646223542173,Bad,8,155157.3
41,15813,Unemployed,371,780883,23,359451,22.731360273192944,Average,3,4743.9
56,465132,Employed,660,178743,11,355318,0.7639078799136589,Good,1,139539.6
43,451441,Employed,785,92306,18,37163,0.08232083483777504,Bad,7,135432.3
36,971894,Self-employed,831,751468,6,50592,0.05205505950237371,Good,2,291568.2
59,863811,Self-employed,381,895416,7,219223,0.25378583972651425,Average,4,259143.3
59,121074,Self-employed,804,528492,21,189405,1.5643738540066405,Bad,8,36322.2
34,36639,Unemployed,431,94769,20,380575,10.387155762984797,Good,2,10991.699999999999
51,623532,Self-employed,701,89265,12,9039,0.01449644926002194,Good,2,187059.6
25,458372,Self-employed,475,819563,22,140270,0.3060178195875839,Bad,8,137511.6
55,835408,Employed,557,54428,19,166426,0.19921523375404593,Average,3,250622.4
43,891226,Self-employed,500,560158,11,247585,0.27780271221889846,Good,0,267367.8
49,540491,Employed,534,629835,13,266968,0.4939360692407459,Average,4,162147.3
31,122752,Self-employed,693,762278,10,313564,2.554451251303441,Bad,9,36825.6
38,800880,Employed,541,51067,22,352679,0.44036434921586254,Good,0,240264.0
32,935388,Self-employed,692,978089,22,4436,0.00474241705046462,Good,1,280616.39999999997
29,460779,Employed,610,764371,18,94550,0.2051959833238928,Good,1,138233.69999999998
30,21142,Unemployed,484,114217,18,172929,8.179405921861697,Average,5,6342.599999999999
37,363636,Employed,604,941111,18,17057,0.04690679690679691,Good,2,109090.8
58,760617,Employed,819,420184,8,2310,0.003037008113150245,Good,2,228185.1
27,495448,Employed,714,625222,8,127913,0.2581764382942307,Bad,8,148634.4
33,141262,Self-employed,535,144980,19,245841,1.7403194064928997,Good,2,42378.6
29,522400,Self-employed,461,945927,19,255988,0.4900229709035222,Average,5,156720.0
47,794694,Self-employed,308,504367,22,67013,0.084325539138335,Bad,6,238408.19999999998
22,12036,Unemployed,348,338851,18,323166,26.849950149551347,Bad,9,3610.7999999999997
25,27322,Unemployed,487,211329,5,140978,5.159871166093258,Good,1,8196.6
49,34677,Employed,792,259354,14,141940,4.093202987571012,Bad,7,10403.1
57,20329,Unemployed,468,525406,14,19546,0.9614835948644793,Good,2,6098.7
58,393581,Employed,848,63215,14,99812,0.2535996402265353,Bad,6,118074.29999999999
39,998121,Employed,513,713195,6,73855,0.073994034791373,Average,5,299436.3
28,441811,Employed,744,313573,12,34149,0.07729323172125638,Good,0,132543.3
21,14735,Unemployed,453,870584,5,376735,25.567356633864947,Average,3,4420.5
42,571819,Self-employed,327,634336,5,199453,0.3488044293736305,Good,1,171545.69999999998
37,32599,Unemployed,350,171530,8,155756,4.777937973557471,Average,4,9779.699999999999
27,667031,Employed,729,179241,11,293002,0.4392629428017588,Average,3,200109.3
45,984793,Employed,600,140731,13,46330,0.04704541969733741,Bad,7,295437.89999999997
24,10660,Unemployed,426,455830,20,256052,24.01988742964353,Good,0,3198.0
56,125057,Employed,509,766265,9,191276,1.5295105431923044,Bad,6,37517.1
26,276889,Employed,666,341384,6,355347,1.2833554240146774,Average,3,83066.7
51,23385,Unemployed,300,428009,15,288437,12.33427410733376,Good,1,7015.5
39,28616,Unemployed,314,115688,22,320013,11.183009505171931,Average,5,8584.8
59,16139,Unemployed,487,310617,23,353573,21.907986864117976,Average,4,4841.7
47,576707,Employed,637,885194,17,136701,0.2370371783245218,Average,5,173012.1
30,111238,Employed,604,746748,15,6704,0.06026717488627987,Average,4,33371.4
46,230825,Self-employed,679,492834,23,133848,0.5798678652658941,Bad,9,69247.5
39,279541,Self-employed,844,895388,21,189327,0.6772781094723136,Average,4,83862.3
59,31940,Unemployed,309,382596,9,49281,1.5429242329367565,Bad,9,9582.0
23,164413,Self-employed,364,713111,17,117972,0.7175345015296843,Average,5,49323.9
33,484988,Employed,500,914743,5,114532,0.23615429660115303,Good,0,145496.4
48,542732,Self-employed,839,736275,14,67780,0.12488668440408894,Average,5,162819.6
40,827406,Employed,522,973758,12,395549,0.47805913904419356,Average,3,248221.8
48,34290,Unemployed,444,271150,12,201277,5.869845435987168,Good,0,10287.0
28,37112,Unemployed,397,251243,23,245955,6.627371200689804,Good,1,11133.6
59,950460,Employed,638,600506,10,318477,0.33507669970330156,Average,4,285138.0
21,770723,Self-employed,398,198416,16,159349,0.2067526205913149,Average,4,231216.9
23,39938,Unemployed,363,953344,11,182678,4.5740397616305275,Bad,7,11981.4
33,23000,Unemployed,309,558718,20,134005,5.8263043478260865,Good,1,6900.0
48,216463,Self-employed,614,25091,13,165586,0.7649621413359327,Good,2,64938.899999999994
45,922425,Self-employed,841,783413,14,254130,0.2755020733392959,Bad,8,276727.5
53,324366,Employed,519,952487,14,239408,0.7380798234093585,Average,5,97309.8
58,705975,Self-employed,429,550277,14,90893,0.1287481851340345,Average,5,211792.5
26,98476,Self-employed,431,77451,20,224679,2.28156098947967,Good,1,29542.8
52,306411,Self-employed,353,20990,5,326102,1.0642633586914307,Bad,9,91923.3
41,899241,Employed,780,354414,21,31844,0.03541208641509896,Average,5,269772.3
36,893618,Employed,764,868792,18,377645,0.4226022752451271,Good,2,268085.39999999997
41,12382,Unemployed,333,252541,23,354344,28.617670812469715,Average,3,3714.6
31,660826,Employed,573,824513,21,1792,0.0027117577092910993,Average,4,198247.8
57,24733,Unemployed,369,668393,18,84187,3.4038329357538513,Average,5,7419.9
56,932473,Self-employed,429,372416,12,43510,0.04666086846482418,Good,2,279741.89999999997
55,21733,Unemployed,493,804673,13,114104,5.25026457461004,Bad,9,6519.9
39,31143,Unemployed,405,126932,12,205482,6.598015605433003,Bad,8,9342.9
40,720663,Self-employed,300,270083,17,302776,0.4201353475896501,Average,4,216198.9
38,14972,Unemployed,371,115000,21,168862,11.278519903820465,Bad,8,4491.599999999999
34,665311,Employed,805,704922,23,346712,0.521127713204802,Average,3,199593.3
35,642236,Employed,514,561351,11,261851,0.4077177237028133,Good,1,192670.8
51,249188,Employed,507,495216,21,66214,0.2657190554922388,Good,0,74756.4
21,459385,Employed,545,734081,5,45870,0.09985088759972573,Good,1,137815.5
23,24569,Unemployed,446,684405,9,260289,10.594204078310065,Average,5,7370.7
36,30738,Unemployed,416,511850,10,49110,1.5976966621120436,Bad,7,9221.4
43,95410,Self-employed,575,439985,6,372558,3.9048108164762603,Good,1,28623.0
31,15131,Unemployed,320,835550,20,137243,9.070319212213336,Average,4,4539.3
32,21184,Unemployed,477,86703,9,141661,6.687169561933535,Bad,6,6355.2
30,7889,Unemployed,397,497164,9,19077,2.4181772087717075,Bad,9,2366.7
52,878625,Self-employed,500,416841,16,328018,0.3733310570493669,Bad,7,263587.5
36,809117,Employed,614,762084,7,247797,0.3062560791578968,Average,5,242735.09999999998
28,16934,Unemployed,341,654845,20,170299,10.056631628676037,Average,4,5080.2
58,224894,Self-employed,367,291220,10,272898,1.2134516705647995,Average,4,67468.2
32,799044,Self-employed,744,255317,19,288832,0.3614719589909942,Good,2,239713.19999999998
44,561357,Self-employed,658,197877,19,270192,0.48131937430191485,Average,5,168407.1
48,918976,Employed,774,833037,20,285712,0.3109025698168396,Good,0,275692.8
28,36472,Unemployed,369,348709,17,360727,9.890518754112744,Good,2,10941.6
48,445126,Self-employed,776,483725,16,95449,0.214431419418322,Good,2,133537.8
56,154746,Employed,652,827553,14,46217,0.29866361650705026,Average,5,46423.799999999996
46,704495,Self-employed,374,984605,18,180194,0.25577754277887,Good,1,211348.5
28,436231,Self-employed,644,819865,6,165818,0.38011512249244095,Average,3,130869.29999999999
48,17818,Self-employed,458,569597,7,128873,7.232742170838478,Average,5,5345.4
48,330145,Self-employed,725,855900,13,288502,0.8738645140771479,Good,2,99043.5
57,579120,Self-employed,322,439470,15,115064,0.19868766404199475,Good,2,173736.0
56,239966,Employed,512,855725,15,274167,1.1425243576173292,Good,1,71989.8
47,14921,Unemployed,443,360402,14,96387,6.4598217277662355,Average,4,4476.3
37,37328,Unemployed,455,957357,18,160828,4.308508358336906,Average,3,11198.4
29,28970,Unemployed,468,826837,13,186353,6.432619951674146,Good,0,8691.0
53,24230,Unemployed,384,986156,14,87728,3.620635575732563,Good,1,7269.0
40,573135,Employed,681,569815,13,179331,0.3128948677013269,Bad,8,171940.5
33,941815,Employed,814,865659,9,150911,0.1602342285905406,Good,2,282544.5
48,493144,Employed,611,919996,12,290554,0.5891869312006229,Bad,6,147943.19999999998
49,918345,Self-employed,529,750778,15,106696,0.11618291600651172,Bad,8,275503.5
33,810983,Self-employed,677,141883,5,274591,0.3385903280340032,Average,4,243294.9
55,892963,Self-employed,720,619632,14,118954,0.1332126863039118,Average,3,267888.89999999997
26,31728,Unemployed,492,157344,5,87569,2.759991174987393,Bad,9,9518.4
38,334704,Self-employed,629,467226,11,238963,0.7139532243415078,Bad,7,100411.2
25,7486,Unemployed,431,749852,18,207737,27.75006679134384,Good,1,2245.7999999999997
45,670442,Self-employed,681,573441,9,359038,0.5355243257433157,Bad,8,201132.6
22,23569,Unemployed,474,110042,21,277051,11.75488989774704,Good,1,7070.7
30,394962,Self-employed,569,56110,10,22637,0.057314374547424815,Average,4,118488.59999999999
50,369069,Self-employed,695,147051,20,170268,0.4613446266145355,Good,2,110720.7
25,308060,Employed,662,767419,15,227089,0.7371583457767967,Average,4,92418.0
53,947529,Self-employed,630,765461,14,229289,0.24198626110652022,Bad,8,284258.7
21,577668,Self-employed,584,30328,19,134661,0.23311140655186025,Bad,7,173300.4
38,346689,Employed,519,639199,11,24560,0.0708415900129511,Bad,9,104006.7
52,35958,Unemployed,313,277011,6,266178,7.402469547805773,Good,2,10787.4
31,196305,Employed,809,61234,16,132241,0.6736506966200555,Average,5,58891.5
41,303438,Employed,813,814283,23,93449,0.3079673607128969,Average,3,91031.4
46,8175,Unemployed,469,819711,16,4239,0.5185321100917432,Average,4,2452.5
45,115777,Self-employed,427,774791,20,4415,0.038133653489034955,Average,4,34733.1
42,14425,Unemployed,457,229135,10,340088,23.57629116117851,Average,3,4327.5
47,622752,Self-employed,552,599690,7,135556,0.217672524536252,Good,2,186825.6
33,471962,Self-employed,435,803881,6,317131,0.6719418088744433,Average,5,141588.6
53,5002,Unemployed,494,340365,9,19225,3.8434626149540185,Bad,9,1500.6
54,604699,Employed,841,877512,15,81459,0.13470999621299193,Average,3,181409.69999999998
55,35160,Unemployed,444,531739,7,193176,5.49419795221843,Bad,6,10548.0
21,600597,Self-employed,798,89178,7,284080,0.4729960356112335,Good,2,180179.1
41,20037,Unemployed,393,960820,9,302756,15.109846783450616,Good,2,6011.099999999999
26,21331,Unemployed,464,982568,15,358677,16.81482349631991,Bad,6,6399.3
48,486247,Self-employed,438,852193,7,384021,0.7897652838989238,Average,4,145874.1
37,39491,Employed,790,238562,17,365413,9.253070319819706,Good,2,11847.3
25,14268,Unemployed,474,303014,12,40952,2.8701990468180543,Good,0,4280.4
51,884725,Self-employed,303,360710,14,322089,0.36405549747096555,Good,1,265417.5
25,819746,Self-employed,346,387893,6,219471,0.26773049212804945,Average,4,245923.8
58,5093,Unemployed,471,125765,8,268524,52.724131160416256,Bad,7,1527.8999999999999
23,272223,Employed,739,389025,22,182370,0.6699286981629032,Bad,9,81666.9
43,21218,Unemployed,479,950377,23,81821,3.8562069940616457,Average,4,6365.4
57,952451,Employed,823,130389,8,148215,0.15561430456789904,Good,0,285735.3
57,511930,Employed,704,715987,13,312888,0.6111929365342919,Average,5,153579.0
30,773804,Employed,572,199227,20,205021,0.26495210673503883,Average,4,232141.19999999998
30,705331,Employed,575,494402,10,163650,0.2320187259598685,Bad,7,211599.3
39,37584,Unemployed,376,813804,8,343406,9.137026394210302,Average,3,11275.199999999999
37,259767,Self-employed,709,792074,13,320475,1.2337017404058253,Average,4,77930.09999999999
41,33261,Self-employed,405,262220,17,93551,2.812633414509486,Good,0,9978.3
34,66260,Self-employed,775,423217,13,326959,4.934485360700272,Good,0,19878.0
29,401562,Self-employed,387,298208,10,72519,0.18059228711880107,Bad,9,120468.59999999999
21,494170,Self-employed,376,752186,23,151250,0.30606876176214665,Good,2,148251.0
33,147412,Self-employed,741,802554,18,93526,0.6344530974411853,Average,4,44223.6
24,38012,Unemployed,365,944324,19,207929,5.470088393139009,Average,5,11403.6
21,656441,Employed,704,70431,7,192269,0.29289608662469285,Average,3,196932.3
52,864705,Self-employed,441,57745,9,110365,0.12763312343515998,Bad,7,259411.5
54,22276,Unemployed,411,52081,22,299510,13.445412102711439,Good,0,6682.8
48,389083,Self-employed,442,990406,18,100830,0.2591477910882768,Average,3,116724.9
51,695527,Self-employed,844,928215,20,238285,0.34259633342774615,Good,0,208658.1
28,508096,Employed,651,218204,18,305055,0.600388509258093,Good,1,152428.8
59,152013,Employed,640,938297,13,346566,2.2798444869846657,Good,0,45603.9
46,893165,Employed,750,403415,19,54619,0.06115219472325942,Good,0,267949.5
54,958646,Self-employed,749,602541,11,285935,0.29826964280871143,Bad,7,287593.8
23,114264,Self-employed,523,300335,18,271445,2.3755951130714834,Bad,8,34279.2
32,701362,Self-employed,563,798643,10,127866,0.18231098918960537,Bad,6,210408.6
21,414755,Employed,502,113086,19,232730,0.5611264481440851,Average,5,124426.5
25,14852,Unemployed,311,458285,12,104623,7.044371128467547,Average,5,4455.599999999999
50,394715,Self-employed,315,976250,6,375968,0.9525049719417807,Average,5,118414.5
50,659669,Self-employed,763,416758,12,37894,0.05744396053172121,Bad,8,197900.69999999998
37,307138,Self-employed,476,426528,5,342762,1.11598695049131,Good,2,92141.4
43,39878,Unemployed,489,440458,21,334138,8.37900596820302,Bad,8,11963.4
35,733042,Self-employed,606,890403,23,42770,0.05834590651013175,Average,4,219912.6
57,6312,Unemployed,329,620071,9,23300,3.691381495564005,Average,4,1893.6
41,393026,Self-employed,631,651969,20,119025,0.3028425600341962,Good,2,117907.8
34,27030,Unemployed,381,614181,11,200307,7.4105438401775805,Bad,9,8109.0
22,239750,Self-employed,809,974892,11,383749,1.600621480709072,Good,1,71925.0
31,629830,Employed,705,501797,22,41285,0.06554943397424702,Bad,7,188949.0
59,549904,Employed,800,160763,22,198627,0.36120304634990835,Average,5,164971.19999999998
58,327789,Employed,698,604248,6,118713,0.3621628547632776,Good,2,98336.7
54,379454,Employed,733,872820,19,164543,0.43363095394962237,Good,0,113836.2
58,538037,Self-employed,363,24601,18,49671,0.09231892973903282,Bad,7,161411.1
54,614933,Employed,748,413236,22,381360,0.6201651236801408,Bad,8,184479.9
38,22323,Unemployed,374,141227,13,283414,12.696053397840792,Bad,7,6696.9
50,618510,Employed,689,726479,18,120870,0.1954212543047,Average,4,185553.0
35,219400,Employed,551,694137,9,128897,0.5874977210574294,Bad,9,65820.0
47,42213,Employed,587,283854,15,246526,5.840049273920356,Average,4,12663.9
54,707290,Self-employed,365,372858,12,235954,0.33360290686988364,Bad,6,212187.0
58,661445,Employed,519,681892,9,335409,0.507085245182895,Bad,8,198433.5
53,37800,Unemployed,371,655015,15,171801,4.545,Average,4,11340.0
44,683080,Employed,545,938105,9,12171,0.01781782514493178,Bad,8,204924.0
35,109944,Employed,812,589515,21,323828,2.9453903805573747,Average,4,32983.2
50,932276,Employed,554,662327,8,50948,0.05464905242653463,Average,5,279682.8
37,17120,Unemployed,307,610577,19,35725,2.0867406542056073,Bad,8,5136.0
25,652863,Employed,745,153094,23,282594,0.4328534470478492,Bad,8,195858.9
49,10295,Unemployed,415,438679,6,389044,37.78960660514813,Good,1,3088.5
24,16580,Unemployed,314,732031,21,85600,5.162846803377564,Bad,6,4974.0
30,581616,Employed,649,794154,16,136513,0.23471328161536134,Good,2,174484.8
37,26605,Unemployed,353,684773,21,112315,4.221574891937606,Bad,9,7981.5
30,180885,Self-employed,591,869482,14,21115,0.11673162506564945,Average,3,54265.5
37,662529,Employed,837,504648,22,100405,0.15154808317824578,Average,5,198758.69999999998
40,888690,Employed,509,760108,23,88404,0.09947675792458563,Good,0,266607.0
44,11766,Unemployed,364,763282,22,218223,18.54691483936767,Bad,8,3529.7999999999997
25,20928,Unemployed,326,481083,17,145687,6.961343654434251,Good,0,6278.4
54,684282,Employed,612,347740,18,146804,0.21453728141321854,Bad,8,205284.6
26,222220,Self-employed,382,855164,20,111670,0.502520025200252,Bad,9,66666.0
22,34047,Unemployed,392,407513,22,43738,1.2846359444297588,Average,5,10214.1
33,6506,Unemployed,410,70323,22,243368,37.40670150630188,Good,0,1951.8
31,872190,Self-employed,375,287960,20,133053,0.15255047638702576,Average,5,261657.0
43,483365,Self-employed,831,566983,21,194953,0.4033246097669463,Average,4,145009.5
36,847060,Employed,630,414918,11,190681,0.2251092012372205,Average,5,254118.0
51,509136,Self-employed,421,420458,16,344810,0.6772453725527168,Good,2,152740.8
31,99672,Employed,666,57841,6,347495,3.486385343928084,Bad,7,29901.6
36,933665,Self-employed,322,392642,14,203957,0.2184477301815962,Bad,7,280099.5
28,31902,Unemployed,443,200784,9,11728,0.3676258541784214,Good,1,9570.6
24,625976,Employed,512,109096,7,368996,0.5894730788400834,Bad,6,187792.8
24,747723,Employed,806,94764,23,347055,0.4641491568401667,Good,1,224316.9
45,627823,Employed,551,448790,17,118616,0.18893223089947325,Good,0,188346.9
23,600152,Self-employed,849,612032,16,219422,0.3656107119529719,Bad,7,180045.6
52,29256,Unemployed,445,816914,7,299358,10.23236259228876,Average,3,8776.8
23,543214,Employed,550,535459,10,190007,0.3497829584657244,Good,1,162964.19999999998
47,811704,Employed,640,627043,18,219153,0.2699912776085864,Good,1,243511.19999999998
49,216023,Employed,810,494148,8,308732,1.429162635460113,Good,2,64806.899999999994
52,792476,Employed,706,634413,17,151025,0.1905735946577562,Good,1,237742.8
39,20659,Unemployed,409,919154,23,331552,16.048792293915486,Bad,8,6197.7
41,801867,Self-employed,716,370226,22,297247,0.37069364370899416,Bad,7,240560.09999999998
25,33067,Unemployed,427,5696,7,71949,2.175855082106027,Good,1,9920.1
38,885656,Employed,509,128310,10,226877,0.25616830914034344,Average,5,265696.8
48,6379,Unemployed,447,939562,20,152228,23.86392851544129,Bad,8,1913.6999999999998
42,662829,Employed,639,677673,7,14423,0.021759760058778357,Average,3,198848.69999999998
41,920133,Self-employed,701,807581,16,301206,0.3273505025903864,Average,5,276039.89999999997
26,974309,Self-employed,791,918496,23,174877,0.17948823217275012,Good,0,292292.7
21,519031,Self-employed,528,841953,23,265131,0.5108191996239145,Bad,7,155709.3
25,764782,Employed,839,47740,8,63979,0.08365651911263602,Good,2,229434.6
32,29843,Unemployed,448,108611,5,300741,10.077438595315485,Good,2,8952.9
46,141984,Self-employed,310,400172,6,84905,0.5979899143565472,Average,4,42595.2
54,248431,Employed,700,470947,17,159940,0.6438004918870833,Average,4,74529.3
34,976301,Employed,805,477828,17,77970,0.07986266530506472,Average,4,292890.3
46,6725,Unemployed,388,775210,6,64805,9.636431226765799,Good,1,2017.5
47,995562,Self-employed,651,330785,23,120779,0.12131740665071587,Good,2,298668.6
29,362464,Employed,513,590099,20,58467,0.1613042950472323,Good,1,108739.2
46,14472,Unemployed,324,447376,16,108732,7.513266998341625,Good,1,4341.599999999999
42,263490,Self-employed,688,708673,5,149079,0.5657861778435614,Good,2,79047.0
50,30192,Unemployed,446,589520,13,364604,12.076179120296768,Good,0,9057.6
37,12446,Unemployed,308,803849,21,208936,16.787401574803148,Good,2,3733.7999999999997
46,952229,Employed,593,682089,14,397605,0.41755187040092245,Good,0,285668.7
56,536289,Employed,643,114492,22,119105,0.2220910740291149,Bad,9,160886.69999999998
21,742992,Employed,513,32099,23,125535,0.168958750565282,Bad,7,222897.6
28,21365,Unemployed,300,755494,11,272602,12.759279194945004,Bad,9,6409.5
55,750217,Employed,685,425177,23,69481,0.09261453686066831,Bad,8,225065.1
35,20704,Unemployed,443,932106,19,75888,3.6653786707882534,Good,1,6211.2
42,34902,Unemployed,389,644762,13,77022,2.2068076328004125,Good,2,10470.6
34,262366,Employed,671,273400,14,173472,0.6611832325834902,Average,3,78709.8
46,255319,Self-employed,569,481336,8,68628,0.2687931567960081,Average,5,76595.7
48,39012,Self-employed,451,769876,10,183929,4.7146775351174,Bad,9,11703.6
43,437750,Self-employed,482,560969,8,168599,0.38514905768132496,Average,4,131325.0
34,16662,Unemployed,382,93328,9,71648,4.300084023526588,Bad,8,4998.599999999999
44,33743,Unemployed,461,744800,13,280081,8.30041786444596,Good,1,10122.9
22,7402,Unemployed,371,984293,16,169744,22.932180491758984,Good,2,2220.6
46,305419,Employed,522,307505,12,243634,0.7977041375945831,Average,3,91625.7
34,19915,Unemployed,441,459719,9,2112,0.10605071554104946,Good,2,5974.5
27,930542,Employed,592,36540,15,311499,0.33475007038908505,Good,2,279162.6
23,64112,Employed,823,159608,15,76561,1.1941758173196906,Bad,8,19233.6
43,7431,Self-employed,645,86700,17,166154,22.359574754407213,Average,5,2229.2999999999997
38,66264,Self-employed,402,982547,18,119181,1.7985784136182543,Good,0,19879.2
58,692318,Self-employed,491,342676,12,61482,0.08880601111050124,Average,4,207695.4
55,949199,Employed,706,713935,22,80098,0.08438483394946687,Good,2,284759.7
35,473148,Employed,693,391770,23,386122,0.8160702359515416,Bad,9,141944.4
45,686763,Employed,651,398087,16,57625,0.08390813133497291,Good,2,206028.9
57,15839,Unemployed,310,48002,16,387503,24.465117747332535,Average,5,4751.7
48,789994,Employed,713,51812,22,334390,0.4232816958103479,Average,3,236998.19999999998
30,145302,Self-employed,596,417842,14,275732,1.897647657981308,Bad,7,43590.6
59,904482,Self-employed,351,717339,11,379054,0.4190840724304077,Good,1,271344.6
37,652207,Employed,527,995561,22,129658,0.1987988476051315,Bad,8,195662.1
59,741232,Employed,516,259906,16,21967,0.029635795540397608,Average,5,222369.6
42,870630,Self-employed,727,110946,18,393297,0.4517383963336894,Bad,7,261189.0
46,160697,Employed,818,68668,19,287400,1.7884590253707289,Good,2,48209.1
45,184428,Self-employed,509,101003,20,190420,1.0324896436549764,Good,2,55328.4
37,22357,Unemployed,471,737430,6,391265,17.50078275260545,Bad,8,6707.099999999999
33,305406,Self-employed,353,222462,22,213044,0.697576341001814,Average,3,91621.8
40,26534,Unemployed,434,831430,16,219423,8.26950327881209,Average,3,7960.2
45,524649,Employed,604,721174,20,190551,0.3631971089242522,Bad,7,157394.69999999998
24,528953,Employed,509,630889,17,343876,0.6501069093095228,Good,0,158685.9
30,8567,Unemployed,338,965111,21,215697,25.177658456869384,Good,0,2570.1
23,511947,Employed,657,271956,22,131145,0.2561690956290397,Good,1,153584.1
38,27257,Unemployed,342,63844,7,396722,14.554866639762263,Good,0,8177.099999999999
56,525054,Employed,712,727453,14,99120,0.18878058256865007,Average,4,157516.19999999998
42,125627,Self-employed,400,397395,5,152781,1.2161478026220478,Good,2,37688.1
54,565607,Employed,831,701158,10,190607,0.3369954756571259,Bad,9,169682.1
28,757451,Self-employed,692,76601,7,307984,0.40660583984970644,Bad,7,227235.3
39,246382,Self-employed,680,927779,23,246512,1.0005276359474313,Bad,9,73914.59999999999
57,21150,Unemployed,490,970078,8,375791,17.76789598108747,Bad,7,6345.0
26,783772,Employed,816,312001,7,192659,0.24581000597112426,Good,1,235131.6
46,8239,Unemployed,343,389699,12,60321,7.321398227940284,Average,5,2471.7
54,460037,Employed,717,496700,12,235855,0.5126870230003239,Good,2,138011.1
26,268389,Self-employed,827,284844,11,44202,0.16469378402244503,Average,5,80516.7
57,947357,Self-employed,765,784215,6,188660,0.1991435118967823,Good,1,284207.1
53,874614,Employed,741,434680,10,135162,0.1545390309325028,Average,4,262384.2
42,783241,Employed,571,175423,20,322375,0.4115910683940192,Bad,7,234972.3
41,13221,Unemployed,402,95330,14,284696,21.533620754859694,Bad,7,3966.2999999999997
26,232646,Employed,787,227391,8,226743,0.9746266860380148,Average,4,69793.8
26,871813,Employed,733,215606,17,212299,0.2435143775098559,Average,4,261543.9
24,176154,Employed,812,409085,14,284805,1.6167955311829423,Average,4,52846.2
50,5364,Unemployed,308,193387,18,173097,32.27013422818792,Bad,9,1609.2
31,494710,Employed,768,243133,13,132642,0.2681207171878474,Bad,9,148413.0
50,353857,Self-employed,430,488904,15,328987,0.9297173717066498,Good,0,106157.09999999999
51,29544,Unemployed,320,416170,22,332422,11.25176008665042,Average,5,8863.199999999999
44,17638,Unemployed,479,688915,15,239350,13.570132668102959,Average,3,5291.4
29,74409,Self-employed,779,327497,21,95328,1.2811353465306616,Average,5,22322.7
23,779008,Self-employed,462,477406,6,394981,0.5070307365264541,Bad,9,233702.4
51,526998,Self-employed,395,440242,7,127355,0.2416612586765035,Average,4,158099.4
57,309301,Employed,787,364916,15,239340,0.7738093313632999,Average,3,92790.3
56,856379,Self-employed,382,180048,22,287342,0.33553134768601284,Bad,7,256913.69999999998
44,887312,Employed,722,355646,7,62201,0.07010048325729845,Average,3,266193.6
51,37885,Unemployed,491,378087,19,336415,8.879899696449781,Good,0,11365.5
26,32213,Unemployed,446,373994,15,213810,6.637382423245274,Bad,7,9663.9
22,62450,Self-employed,681,571383,15,374722,6.00035228182546,Bad,6,18735.0
40,616510,Employed,743,147342,15,211905,0.3437170524403497,Bad,6,184953.0
48,523728,Self-employed,767,688268,23,303508,0.5795145571747167,Good,2,157118.4
31,661225,Self-employed,837,803955,5,378371,0.5722273053801656,Bad,7,198367.5
24,199169,Employed,591,64433,9,101353,0.508879393881578,Bad,9,59750.7
35,240132,Self-employed,372,966572,14,250043,1.0412731331101228,Bad,9,72039.59999999999
26,7015,Unemployed,422,546279,14,169515,24.16464718460442,Bad,7,2104.5
50,729276,Self-employed,485,274919,18,395879,0.5428383766914036,Good,0,218782.8
58,310407,Employed,752,473017,6,171316,0.551907656721659,Average,4,93122.09999999999
22,476476,Employed,798,349139,8,340708,0.715058051192505,Average,5,142942.8
35,30675,Unemployed,350,980754,6,147149,4.797033414832926,Bad,8,9202.5
31,776258,Employed,648,149745,22,189921,0.2446622128209951,Good,1,232877.4
28,949258,Employed,621,649096,17,106447,0.1121370586289502,Bad,9,284777.39999999997
46,12378,Unemployed,323,684416,23,282775,22.844966876716757,Average,4,3713.3999999999996
25,978337,Self-employed,455,139686,9,184724,0.1888142838306228,Average,5,293501.1
26,31999,Unemployed,381,9415,6,296644,9.270414700459389,Good,1,9599.699999999999
46,345459,Self-employed,655,772326,15,322059,0.9322640313322276,Average,3,103637.7
24,35697,Unemployed,456,439100,22,365904,10.250273132195982,Bad,7,10709.1
39,977048,Self-employed,343,936468,10,290041,0.2968544022402175,Good,0,293114.39999999997
40,9218,Unemployed,392,957230,14,179352,19.456715122586246,Average,5,2765.4
53,632395,Self-employed,629,780493,21,102639,0.16230204223626057,Bad,7,189718.5
40,16672,Unemployed,366,301188,15,376993,22.61234404990403,Good,2,5001.599999999999
32,172022,Self-employed,388,714509,23,112118,0.6517654718582507,Bad,7,51606.6
21,34381,Unemployed,325,170616,21,320464,9.32096215933219,Average,3,10314.3
46,972791,Employed,598,51976,8,204664,0.21038845959717967,Bad,7,291837.3
34,73122,Self-employed,445,427468,18,331433,4.532603046962611,Good,2,21936.6
58,23101,Unemployed,300,267976,8,32941,1.4259555863382538,Bad,6,6930.3
57,616516,Self-employed,539,223883,18,231748,0.37589940893666995,Average,4,184954.8
31,610058,Self-employed,802,213509,8,146306,0.2398230987873284,Good,2,183017.4
56,27211,Unemployed,340,498965,10,76172,2.7993091029363124,Good,2,8163.299999999999
33,839212,Self-employed,570,822580,13,4376,0.005214415427806085,Average,4,251763.59999999998
23,20321,Unemployed,402,980744,16,293927,14.46419959647655,Bad,8,6096.3
53,412601,Employed,601,765529,12,306169,0.7420461899025935,Bad,6,123780.29999999999
26,264405,Self-employed,468,520823,8,17447,0.065985892853766,Average,4,79321.5
30,612994,Employed,785,221526,9,217937,0.3555287653712761,Good,0,183898.19999999998
25,931980,Self-employed,498,900662,10,17713,0.01900577265606558,Average,5,279594.0
43,253018,Self-employed,586,349220,9,392013,1.5493482677121786,Good,2,75905.4
30,723515,Self-employed,771,996620,23,268002,0.3704166465104386,Good,2,217054.5
22,35177,Unemployed,322,972963,12,183187,5.207578815703442,Bad,6,10553.1
33,545631,Employed,608,826834,13,60834,0.11149293203648619,Average,5,163689.3
22,349359,Self-employed,305,715087,19,83060,0.2377497073211224,Good,1,104807.7
40,22064,Unemployed,399,40578,8,243995,11.058511602610587,Bad,9,6619.2
21,320594,Self-employed,624,616741,13,398755,1.243800570191582,Average,4,96178.2
57,31867,Unemployed,370,417534,11,367042,11.51793391282518,Average,5,9560.1
29,628578,Self-employed,346,864147,12,365351,0.5812341507338787,Good,1,188573.4
37,161832,Employed,578,210859,19,399580,2.4691037619259477,Good,0,48549.6
29,402333,Employed,512,113435,23,198057,0.49227132748245855,Good,0,120699.9
31,939794,Self-employed,679,742389,19,87366,0.09296292591780753,Average,5,281938.2
35,5364,Unemployed,389,153538,9,153150,28.55145413870246,Good,1,1609.2
44,286941,Self-employed,520,884174,23,264013,0.9200950718091873,Average,4,86082.3
58,21105,Unemployed,303,47475,11,325768,15.435583984837717,Bad,9,6331.5
55,608760,Self-employed,345,848574,10,172147,0.28278303436493857,Average,5,182628.0
50,20863,Unemployed,317,742520,23,94676,4.537985908066913,Good,0,6258.9
51,291674,Employed,707,159636,21,4659,0.0159733126709957,Average,5,87502.2
25,625448,Self-employed,423,155484,14,370032,0.5916271216791804,Good,1,187634.4
34,115001,Employed,828,95526,23,59185,0.5146476987156633,Bad,7,34500.299999999996
31,705002,Employed,530,53001,15,118136,0.16756831895512353,Good,2,211500.6
29,756259,Self-employed,359,846081,19,175823,0.2324904563119249,Good,0,226877.69999999998
54,12928,Self-employed,741,194029,14,325902,25.209003712871286,Good,0,3878.3999999999996
32,18528,Unemployed,442,430733,15,216945,11.709034974093264,Good,2,5558.4
55,18313,Unemployed,323,670516,7,137203,7.492109430459236,Good,1,5493.9
55,80893,Employed,819,942568,7,133430,1.649462870705747,Good,0,24267.899999999998
21,20343,Unemployed,498,551999,22,92150,4.529813695128546,Bad,8,6102.9
42,12523,Unemployed,413,556394,15,214379,17.118821368681626,Bad,7,3756.8999999999996
49,426655,Self-employed,464,853890,22,280360,0.6571117178985363,Average,3,127996.5
28,18285,Unemployed,390,936093,19,304353,16.64495488105004,Good,0,5485.5
31,576982,Employed,706,484488,11,306131,0.5305728774901124,Average,5,173094.6
57,27391,Unemployed,303,394573,14,109024,3.980285495235661,Bad,7,8217.3
34,563660,Employed,748,219583,14,43320,0.07685484157115992,Bad,6,169098.0
50,150152,Self-employed,605,365898,17,274445,1.827781181735841,Good,2,45045.6
55,924829,Employed,573,140286,19,207123,0.22395815875150973,Good,0,277448.7
41,13378,Unemployed,361,229189,22,224410,16.77455523994618,Average,4,4013.3999999999996
57,540888,Self-employed,539,128479,8,127560,0.235834405644052,Bad,9,162266.4
25,23964,Unemployed,440,422343,21,264035,11.017985311300285,Average,3,7189.2
39,110736,Self-employed,438,138213,7,313601,2.8319697298078315,Average,4,33220.799999999996
34,417106,Self-employed,369,555172,6,114389,0.2742444366659794,Average,3,125131.79999999999
46,9725,Unemployed,497,266852,8,284076,29.210899742930593,Good,0,2917.5
24,25684,Unemployed,355,806807,5,267336,10.40865908736957,Bad,8,7705.2
45,640861,Self-employed,730,541376,19,279272,0.4357762447707069,Average,3,192258.3
45,590593,Self-employed,624,321759,5,23836,0.040359435347184947,Bad,7,177177.9
38,18091,Unemployed,331,374282,10,287981,15.918467746393235,Bad,8,5427.3
28,984593,Employed,563,702406,11,118028,0.11987491278122026,Average,4,295377.89999999997
59,5559,Unemployed,380,274158,23,379625,68.29016010073754,Average,4,1667.7
34,806693,Self-employed,359,721785,16,388320,0.4813727155187909,Good,2,242007.9
52,37140,Unemployed,300,398489,5,126172,3.3971997845988153,Bad,9,11142.0
58,743280,Employed,738,704495,11,285922,0.3846760305672156,Average,4,222984.0
53,37544,Unemployed,337,366986,23,44130,1.1754208395482633,Average,3,11263.199999999999
43,703392,Self-employed,709,950385,17,279852,0.3978606523816023,Bad,9,211017.6
35,36707,Unemployed,460,492238,16,370625,10.09684801264064,Average,5,11012.1
53,658668,Self-employed,682,80077,16,156304,0.23730316335392035,Bad,6,197600.4
45,563888,Self-employed,457,141784,17,189338,0.33577235195641686,Average,3,169166.4
37,28984,Unemployed,347,207776,18,5782,0.19948937344741927,Bad,9,8695.199999999999
53,262351,Self-employed,732,317018,16,158387,0.6037217315733502,Average,4,78705.3
22,790838,Self-employed,355,71087,16,273196,0.3454512807932851,Average,4,237251.4
34,798576,Employed,767,800729,10,282665,0.35396130111598645,Good,0,239572.8
59,912756,Employed,715,766629,14,201506,0.22076655754659516,Bad,9,273826.8
26,515375,Employed,588,815560,13,214827,0.4168362842590347,Good,2,154612.5
26,217840,Employed,780,594656,6,332834,1.5278828497980168,Average,3,65352.0
23,857224,Self-employed,789,745859,11,36546,0.04263296407940048,Bad,6,257167.19999999998
27,23066,Unemployed,359,343102,13,211417,9.165741784444638,Bad,7,6919.8
28,758642,Self-employed,712,297064,16,158044,0.2083248752375956,Average,4,227592.6
35,697657,Self-employed,301,253514,9,105713,0.15152574975955233,Average,3,209297.1
49,459472,Self-employed,444,930660,5,256628,0.5585280495873525,Average,3,137841.6
53,19267,Unemployed,409,144180,19,103617,5.377951938547776,Average,4,5780.099999999999
50,231123,Employed,560,951349,12,23030,0.09964391254872947,Bad,6,69336.9
59,246424,Self-employed,743,922304,5,217713,0.88348943284745,Good,1,73927.2
47,663323,Self-employed,733,786192,22,90831,0.13693328891053078,Bad,6,198996.9
56,174938,Employed,556,437928,17,78400,0.4481587762521579,Bad,8,52481.4
49,168377,Self-employed,477,922114,5,281199,1.6700558864928108,Bad,8,50513.1
58,37813,Unemployed,469,603891,9,219580,5.8069975934202525,Bad,9,11343.9
53,983190,Self-employed,716,35872,22,75861,0.07715802642419065,Average,3,294957.0
57,255703,Self-employed,438,274872,20,384328,1.5030249938405102,Good,1,76710.9
47,177702,Employed,647,359246,14,379668,2.136543201539656,Bad,6,53310.6
53,210591,Self-employed,673,490535,8,379970,1.8043031278639639,Bad,6,63177.299999999996
24,593879,Self-employed,364,386193,5,299919,0.5050170152505814,Good,1,178163.69999999998
42,16351,Unemployed,444,809015,12,349053,21.34750168185432,Average,3,4905.3
22,158381,Employed,588,87774,9,299397,1.890359323403691,Bad,7,47514.299999999996
30,387851,Employed,560,926767,6,218789,0.5641058035173301,Average,3,116355.3
25,21142,Unemployed,393,390518,21,257072,12.159303755557657,Bad,9,6342.599999999999
30,754362,Self-employed,838,200522,11,52884,0.07010427354506192,Bad,7,226308.6
53,697861,Employed,573,222357,21,77497,0.11104933503949926,Good,0,209358.3
58,949612,Employed,685,414672,10,280849,0.29575131738015104,Good,2,284883.6
33,41382,Self-employed,518,879550,19,176748,4.271132376395534,Average,4,12414.6
51,867219,Self-employed,714,67942,9,233730,0.2695166964745929,Bad,9,260165.69999999998
56,699727,Employed,659,539977,19,354784,0.5070320282052858,Average,5,209918.1
44,231280,Self-employed,536,952438,22,211117,0.9128199584918714,Good,1,69384.0
35,435218,Employed,680,559564,22,8101,0.018613660280595013,Good,1,130565.4
49,615108,Self-employed,640,511565,10,325639,0.5294013409027358,Good,1,184532.4
28,739665,Self-employed,379,524552,6,398959,0.5393779616447987,Good,1,221899.5
25,34318,Unemployed,303,628256,21,9951,0.2899644501427822,Good,0,10295.4
49,819042,Self-employed,772,415089,8,139086,0.16981546733867128,Average,3,245712.59999999998
24,12838,Unemployed,411,801482,16,37180,2.896089733603365,Average,4,3851.3999999999996
32,213851,Self-employed,591,592504,23,320121,1.4969347816937961,Good,0,64155.299999999996
22,484581,Employed,809,741804,6,248117,0.5120237896244384,Bad,7,145374.3
47,863142,Employed,516,348184,6,191606,0.22198664877853239,Bad,7,258942.59999999998
51,542068,Self-employed,630,547932,18,64209,0.11845192854033074,Bad,9,162620.4
56,847653,Self-employed,785,64021,19,250241,0.295216320829396,Bad,9,254295.9
56,381637,Employed,616,694485,6,173980,0.45587822983620563,Bad,9,114491.09999999999
46,432562,Self-employed,414,462115,8,371719,0.8593427069414327,Good,2,129768.59999999999
47,31148,Unemployed,345,44291,23,314062,10.082894567869527,Average,4,9344.4
25,17931,Unemployed,379,430276,13,139235,7.765043778930344,Good,1,5379.3
40,29532,Unemployed,453,396754,11,134542,4.555803873764052,Bad,6,8859.6
31,25344,Unemployed,446,955680,17,151348,5.971748737373737,Bad,7,7603.2
30,25601,Unemployed,380,305664,16,121014,4.726924729502754,Average,4,7680.299999999999
58,941620,Self-employed,674,27675,7,168953,0.17942800705167689,Good,2,282486.0
26,516545,Self-employed,362,675647,17,342094,0.6622733740525995,Average,3,154963.5
28,23880,Unemployed,471,264318,19,8749,0.36637353433835845,Bad,6,7164.0
43,364267,Self-employed,726,94268,18,287326,0.7887785607809656,Bad,8,109280.09999999999
46,915657,Self-employed,465,299142,13,340594,0.37196679542667177,Average,4,274697.1
32,18908,Unemployed,488,710672,17,81543,4.312618997249841,Bad,8,5672.4
46,756240,Self-employed,760,931616,8,97487,0.12891013434888396,Good,0,226872.0
33,95570,Self-employed,488,631698,12,373371,3.906780370409124,Bad,8,28671.0
38,128791,Self-employed,678,339369,7,230216,1.7875162084307132,Bad,9,38637.299999999996
45,38793,Unemployed,405,833246,6,341722,8.808857268063825,Good,0,11637.9
53,916723,Self-employed,371,349235,23,117258,0.12790995753351886,Bad,8,275016.89999999997
32,592602,Employed,625,314863,12,157484,0.2657500312182544,Average,4,177780.6
56,760281,Employed,704,131887,21,14181,0.01865231407861041,Average,4,228084.3
24,23232,Unemployed,380,298063,17,45898,1.9756370523415978,Bad,6,6969.599999999999
25,392470,Employed,694,337299,11,266549,0.679157642622366,Good,2,117741.0
57,25125,Unemployed,440,335713,13,274006,10.90571144278607,Good,0,7537.5
28,834114,Employed,506,829760,16,186751,0.22389145848169434,Average,4,250234.19999999998
48,506040,Employed,553,203554,18,291832,0.5766974942692278,Bad,6,151812.0
51,513157,Employed,837,813050,18,49017,0.09552047424082688,Good,1,153947.1
29,7620,Unemployed,386,560963,19,276083,36.23136482939633,Good,0,2286.0
49,18854,Unemployed,332,497010,7,244343,12.959743290548424,Average,5,5656.2
34,407893,Self-employed,379,807351,19,367296,0.9004714471687428,Average,4,122367.9
42,29074,Unemployed,460,792605,23,302729,10.41236156015684,Good,0,8722.199999999999
31,948269,Employed,786,373513,18,379459,0.4001596593371712,Average,4,284480.7
43,197932,Employed,675,814832,12,105447,0.5327435684982721,Good,2,59379.6
21,14341,Unemployed,346,183517,9,244885,17.07586639704344,Bad,7,4302.3
57,20835,Unemployed,480,72305,23,240434,11.539908807295417,Average,5,6250.5
41,30039,Unemployed,318,694924,8,155014,5.1604247811178805,Average,4,9011.699999999999
46,699096,Self-employed,422,441030,18,242147,0.34637159989472116,Bad,9,209728.8
56,332553,Employed,633,474963,20,399488,1.2012761875550664,Good,2,99765.9
43,801266,Self-employed,322,615079,10,156337,0.19511248449328936,Good,1,240379.8
21,202173,Self-employed,534,161034,10,255743,1.2649710891167465,Average,5,60651.899999999994
35,104723,Employed,558,480108,7,180264,1.7213410616578975,Good,0,31416.899999999998
41,793043,Employed,758,596821,19,160740,0.2026876222348599,Good,0,237912.9
29,9311,Unemployed,482,189256,7,82560,8.86693158629578,Bad,7,2793.2999999999997
29,30689,Unemployed,495,478128,15,360579,11.749454201831275,Bad,8,9206.699999999999
30,672958,Self-employed,556,892023,7,70283,0.10443891000627083,Bad,6,201887.4
46,7580,Unemployed,320,667938,14,10297,1.35844327176781,Average,4,2274.0
55,14386,Unemployed,479,657348,22,65005,4.518629222855554,Bad,9,4315.8
45,180594,Employed,612,675984,5,391977,2.1704873916076948,Bad,9,54178.2
46,962139,Employed,659,827626,20,190506,0.19800257551143857,Good,0,288641.7
31,38545,Unemployed,363,374047,20,395823,10.26911402257102,Bad,8,11563.5
58,843287,Employed,824,395605,14,131654,0.15612003979665287,Average,4,252986.09999999998
22,19260,Unemployed,415,363447,5,191255,9.930166147455868,Bad,8,5778.0
27,817506,Employed,680,244188,8,87994,0.10763713049200863,Average,5,245251.8
38,170547,Employed,578,378047,7,57305,0.33600708309146454,Good,2,51164.1
47,176192,Employed,607,855823,9,160045,0.9083556574645841,Good,0,52857.6
54,294130,Employed,573,239501,16,214058,0.7277666338013803,Bad,9,88239.0
47,37430,Unemployed,483,933298,16,213143,5.694442960192359,Good,1,11229.0
37,481182,Self-employed,428,322146,17,385832,0.8018421304205061,Bad,8,144354.6
44,638546,Employed,819,299675,16,226963,0.355437196380527,Good,0,191563.8
45,23617,Unemployed,358,710175,20,270789,11.465850870135919,Average,5,7085.099999999999
27,32115,Unemployed,300,531274,17,305382,9.50901447921532,Good,0,9634.5
26,107442,Employed,566,820730,9,70694,0.6579736043632843,Bad,9,32232.6
44,62124,Self-employed,766,265625,8,173845,2.7983549030970316,Bad,7,18637.2
53,341896,Employed,599,844840,19,279930,0.818757750895009,Bad,9,102568.8
49,14180,Unemployed,421,202339,16,41693,2.940267983074753,Average,4,4254.0
42,801505,Self-employed,687,648238,23,359591,0.44864473708835256,Good,1,240451.5
46,35960,Unemployed,313,936339,23,70702,1.9661290322580645,Bad,9,10788.0
48,855329,Employed,718,127355,15,347989,0.4068481251074148,Average,4,256598.69999999998
41,318760,Self-employed,475,29798,10,278220,0.8728196762454511,Average,5,95628.0
27,9482,Unemployed,384,617937,13,282521,29.79550727694579,Average,3,2844.6
37,12400,Unemployed,450,329031,5,141350,11.399193548387096,Good,1,3720.0
40,12396,Unemployed,470,21477,16,390512,31.503065505001615,Good,2,3718.7999999999997
40,203790,Employed,712,412482,18,34539,0.1694832916237303,Good,1,61137.0
42,147617,Self-employed,340,219400,10,127552,0.8640739210253562,Average,4,44285.1
48,690601,Employed,726,219060,5,143512,0.20780740253778954,Good,1,207180.3
27,970325,Employed,587,391959,6,289389,0.2982392497359132,Bad,6,291097.5
21,762426,Employed,528,963030,15,205775,0.26989504555196175,Average,3,228727.8
52,543606,Self-employed,750,513181,7,330236,0.6074914552083678,Good,0,163081.8
33,738032,Employed,743,509831,14,372598,0.5048534480889717,Average,4,221409.6
50,500076,Employed,646,915858,10,395367,0.7906138266983419,Average,5,150022.8
43,902109,Employed,777,407105,10,153770,0.1704561200475774,Good,2,270632.7
39,417405,Employed,641,288479,6,149673,0.35857979660042405,Average,5,125221.5
52,19379,Unemployed,443,930758,14,158879,8.198513855204087,Good,1,5813.7
50,271504,Employed,832,350754,10,177374,0.6533016088160764,Good,0,81451.2
49,34669,Unemployed,439,275586,21,217936,6.286192275519917,Good,2,10400.699999999999
49,689510,Employed,806,834721,18,140111,0.20320372438398282,Average,4,206853.0
50,671469,Self-employed,722,842179,9,310571,0.46252470329978,Average,4,201440.69999999998
36,31016,Unemployed,460,825759,21,334983,10.80032886252257,Good,2,9304.8
39,16036,Unemployed,368,935703,6,190121,11.855886754801697,Average,5,4810.8
38,19021,Unemployed,458,336971,13,229252,12.052573471426319,Good,1,5706.3
21,20471,Unemployed,345,632752,16,379945,18.56015827267842,Bad,9,6141.3
34,448232,Self-employed,771,133184,23,373989,0.8343647932320762,Average,5,134469.6
22,331129,Employed,540,89051,11,349442,1.0553047301806848,Average,4,99338.7
48,6502,Unemployed,376,152653,13,90147,13.864503229775453,Bad,8,1950.6
50,891146,Self-employed,732,247300,20,56413,0.06330388062113279,Bad,9,267343.8
58,25946,Unemployed,386,586010,15,66958,2.580667540275958,Bad,9,7783.799999999999
24,650140,Employed,724,94036,16,32275,0.049643153782262285,Good,0,195042.0
21,35276,Unemployed,419,754922,19,27597,0.782316589182447,Good,1,10582.8
28,676810,Self-employed,626,149595,22,340665,0.5033391941608428,Bad,9,203043.0
49,996551,Employed,690,855392,23,95243,0.09557263000087302,Good,0,298965.3
59,324957,Self-employed,792,774997,20,255482,0.7862024821745647,Average,5,97487.09999999999
23,793580,Employed,650,283696,19,69908,0.08809193780085184,Bad,9,238074.0
52,659021,Employed,595,518612,9,318332,0.48303771806968215,Average,4,197706.3
30,945767,Employed,808,143880,15,297854,0.3149338050492352,Good,2,283730.1
30,22158,Unemployed,396,237419,19,381637,17.223440743749435,Bad,7,6647.4
39,950092,Self-employed,412,992029,22,223424,0.23516038446803048,Good,2,285027.6
54,879459,Self-employed,755,156692,17,181122,0.20594706518439176,Average,3,263837.7
53,325974,Self-employed,431,265031,8,312393,0.9583371679949935,Good,0,97792.2
43,587985,Employed,620,295946,21,35247,0.059945406770580884,Average,5,176395.5
48,34892,Unemployed,337,611312,8,289552,8.298521150980168,Good,0,10467.6
52,793361,Employed,621,490765,20,77313,0.0974499628794458,Average,3,238008.3
27,389793,Self-employed,338,772097,19,202755,0.5201607006795915,Good,2,116937.9
49,36285,Unemployed,460,644927,18,250407,6.9011161637040095,Bad,9,10885.5
28,27727,Unemployed,319,906680,16,268587,9.686839542684027,Bad,7,8318.1
21,21911,Unemployed,448,608226,7,393414,17.955091050157456,Good,2,6573.3
23,850484,Self-employed,802,219813,14,132151,0.15538328763386494,Average,4,255145.19999999998
44,22790,Unemployed,386,778388,12,359962,15.794734532689777,Good,0,6837.0
43,24517,Unemployed,330,386890,10,144973,5.913162295550027,Bad,6,7355.099999999999
28,408355,Employed,541,814481,18,199831,0.48935607498377637,Average,3,122506.5
57,877883,Employed,820,341933,21,174804,0.1991199282820148,Good,0,263364.89999999997
23,21105,Unemployed,372,610814,23,211376,10.015446576640606,Good,0,6331.5
53,7690,Unemployed,414,403062,20,251278,32.67594278283485,Average,4,2307.0
48,940553,Employed,636,485779,19,149579,0.15903303694741286,Good,1,282165.89999999997
28,347545,Employed,678,499952,19,261082,0.7512178279071775,Bad,7,104263.5
54,579391,Employed,741,572508,5,344929,0.5953302691964494,Bad,9,173817.3
55,474837,Self-employed,686,834595,16,127691,0.2689154383504234,Average,5,142451.1
52,30825,Self-employed,780,398981,14,258426,8.383649635036496,Good,0,9247.5
44,527393,Employed,640,381270,18,298535,0.5660579491953818,Good,0,158217.9
34,5897,Unemployed,498,869918,14,35171,5.9642190944548075,Bad,9,1769.1
52,131999,Employed,626,964774,14,378163,2.8648929158554233,Average,3,39599.7
36,552860,Self-employed,502,77277,15,270629,0.4895072893680136,Average,5,165858.0
24,21799,Unemployed,491,521570,20,390772,17.926143401073443,Average,5,6539.7
57,526727,Self-employed,384,485455,13,373248,0.7086175571026357,Bad,8,158018.1
41,32007,Unemployed,371,892677,19,378571,11.827756428281313,Bad,6,9602.1
34,489137,Self-employed,820,124332,18,227392,0.4648840713337981,Average,4,146741.1
51,22376,Unemployed,301,236231,23,243174,10.867626027887022,Average,5,6712.8
38,23157,Unemployed,319,549219,13,91153,3.9363043572138015,Good,2,6947.099999999999
27,24945,Unemployed,369,91116,8,38748,1.5533373421527361,Good,1,7483.5
30,7576,Unemployed,423,253671,11,398094,52.546726504751845,Average,5,2272.7999999999997
27,631776,Self-employed,785,844065,12,134021,0.21213373094261256,Bad,7,189532.8
53,718411,Self-employed,649,475918,12,217452,0.3026846749284184,Bad,6,215523.3
43,17674,Unemployed,386,578201,23,248888,14.082154577345253,Good,1,5302.2
41,27353,Unemployed,453,776504,19,183378,6.704127518005338,Average,4,8205.9
39,402751,Self-employed,563,621064,20,88150,0.21886972347678837,Bad,9,120825.29999999999
39,22118,Unemployed,464,27991,13,90364,4.085541188172529,Bad,6,6635.4
56,5632,Unemployed,454,516265,16,116925,20.76083096590909,Bad,8,1689.6
49,24285,Unemployed,427,712205,20,10958,0.4512250360304715,Bad,6,7285.5
38,274697,Employed,609,630380,8,140769,0.5124519015497075,Good,2,82409.09999999999
22,21226,Unemployed,336,231577,9,88160,4.153396777536983,Bad,9,6367.8
21,484623,Employed,570,712672,12,278637,0.5749562030691898,Bad,9,145386.9
25,25256,Unemployed,330,405777,5,174873,6.924018055115616,Average,5,7576.799999999999
40,267070,Self-employed,680,936405,10,284343,1.064675927659415,Average,4,80121.0
31,272955,Employed,510,763401,19,263081,0.9638255390082614,Good,0,81886.5
22,859783,Employed,827,97556,8,239962,0.27909600445693855,Good,1,257934.9
23,14784,Unemployed,465,851307,15,293637,19.861810064935064,Good,0,4435.2
43,24937,Unemployed,318,158989,9,112545,4.5131731964550665,Good,0,7481.099999999999
32,994211,Employed,683,326264,22,312146,0.31396353490355666,Bad,7,298263.3
40,656021,Self-employed,844,397204,19,24731,0.03769848831058762,Average,5,196806.3
25,950161,Self-employed,491,508961,22,139148,0.14644676007539775,Bad,8,285048.3
57,15559,Unemployed,489,898473,17,264215,16.981489812969986,Bad,6,4667.7
58,630219,Self-employed,774,654755,9,363070,0.5761013235081773,Bad,8,189065.69999999998
50,705251,Self-employed,726,522616,5,128872,0.1827321053071885,Average,4,211575.3
29,13015,Unemployed,358,409472,22,42410,3.2585478294275836,Good,1,3904.5
54,753979,Self-employed,396,382634,18,231273,0.30673665977434383,Good,1,226193.69999999998
55,16528,Unemployed,308,745088,9,358092,21.665779283639885,Average,3,4958.4
42,210680,Employed,782,652443,10,193144,0.9167647617239415,Average,3,63204.0
44,16179,Unemployed,344,292374,20,229443,14.181531615056555,Good,2,4853.7
37,940343,Employed,707,500682,16,42041,0.04470815436494981,Bad,7,282102.89999999997
30,933057,Employed,624,61778,22,386760,0.4145084383912237,Good,1,279917.1
50,579586,Self-employed,332,47833,6,54326,0.09373242279834226,Average,3,173875.8
43,870792,Self-employed,503,811057,17,316240,0.3631636487243797,Good,0,261237.59999999998
52,527757,Self-employed,816,558376,21,187650,0.3555613663106316,Good,0,158327.1
37,12953,Unemployed,476,737010,21,306311,23.647880799814715,Good,1,3885.8999999999996
37,544473,Self-employed,638,960671,20,324436,0.5958716042852447,Average,4,163341.9
34,604901,Employed,635,368081,22,338563,0.5596998517112718,Average,5,181470.3
29,267530,Self-employed,324,466507,12,174211,0.6511830448921616,Good,1,80259.0
22,998785,Self-employed,624,198375,7,350897,0.351323858488063,Good,2,299635.5
45,26159,Unemployed,381,78361,21,142779,5.458121487824458,Bad,8,7847.7
59,30745,Unemployed,424,352373,22,238464,7.756187998048463,Bad,7,9223.5
29,407784,Employed,730,137189,10,12093,0.029655405803072216,Good,2,122335.2
42,34455,Unemployed,379,616553,12,367233,10.65833696125381,Average,5,10336.5
24,99702,Self-employed,337,524154,17,73043,0.7326131872981485,Bad,6,29910.6
46,33072,Unemployed,434,624006,12,387678,11.722242380261248,Good,1,9921.6
49,959613,Employed,734,324854,23,162680,0.16952667377369834,Bad,8,287883.89999999997
54,728380,Self-employed,667,621164,10,366009,0.5024973228259975,Bad,8,218514.0
43,290440,Employed,659,986558,19,387822,1.3352912821925356,Bad,8,87132.0
57,7597,Unemployed,449,32949,14,310431,40.86231407134395,Average,4,2279.1
31,8983,Unemployed,351,942051,21,34427,3.832461315818769,Good,0,2694.9
26,528204,Employed,643,739242,5,160467,0.30379739646045845,Average,3,158461.19999999998
38,261587,Self-employed,644,856568,11,392993,1.5023414772140817,Average,4,78476.09999999999
41,32916,Unemployed,371,113541,17,372983,11.331358609794629,Bad,7,9874.8
56,31372,Unemployed,311,721979,7,355806,11.341514726507715,Good,1,9411.6
58,44080,Self-employed,332,63842,23,227074,5.151406533575318,Bad,9,13224.0
54,34048,Unemployed,349,490019,19,281114,8.256402725563909,Average,4,10214.4
37,346855,Employed,709,234930,9,71218,0.2053249917112338,Average,3,104056.5
57,16292,Unemployed,338,291134,15,208547,12.800576970292168,Good,2,4887.599999999999
45,18923,Unemployed,472,673553,22,337506,17.83575542990012,Average,5,5676.9
58,841624,Self-employed,355,294253,7,155443,0.18469411518682927,Average,4,252487.19999999998
32,638481,Employed,545,132356,10,221967,0.34764855962824265,Good,1,191544.3
43,859082,Self-employed,496,938737,7,235625,0.27427533110925384,Bad,9,257724.59999999998
42,39445,Unemployed,366,770917,9,151267,3.8348840157180883,Good,2,11833.5
41,30574,Unemployed,393,739090,13,111949,3.661575194609799,Average,3,9172.199999999999
47,158329,Self-employed,536,916565,23,127895,0.8077800024000656,Good,1,47498.7
51,370500,Self-employed,437,691870,17,290459,0.7839649122807018,Bad,7,111150.0
26,318816,Self-employed,528,789738,10,252287,0.7913247766736926,Average,3,95644.8
47,747116,Employed,585,5849,15,84804,0.11350847793381483,Bad,9,224134.8
54,25067,Unemployed,348,14360,18,207318,8.270554912833607,Bad,6,7520.099999999999
32,45136,Self-employed,557,375216,10,304725,6.751262850053172,Good,0,13540.8
27,16441,Unemployed,422,779567,10,177609,10.802810048050604,Bad,9,4932.3
30,44677,Employed,670,621055,21,98357,2.201513082794279,Good,1,13403.1
37,294012,Employed,635,263445,15,382905,1.3023448022529693,Good,0,88203.59999999999
46,940394,Employed,692,703160,19,207337,0.2204788631148221,Bad,7,282118.2
41,627456,Employed,767,523658,13,114984,0.18325428396572827,Good,1,188236.8
48,11403,Unemployed,416,432179,21,355593,31.1841620626151,Good,0,3420.9
22,871676,Employed,594,56330,11,252176,0.2893001528090713,Bad,8,261502.8
21,825772,Employed,540,53707,11,154256,0.18680216815295264,Average,3,247731.59999999998
56,813826,Self-employed,553,282833,5,158642,0.19493356073657023,Good,2,244147.8
46,165174,Employed,715,555372,12,131522,0.7962633344230933,Good,0,49552.2
49,127366,Self-employed,368,42387,9,306174,2.403891148344142,Bad,6,38209.799999999996
41,520576,Employed,529,863248,23,325389,0.6250557075239734,Good,1,156172.8
31,422776,Employed,761,528930,12,187539,0.44358951312278844,Bad,7,126832.79999999999
31,361440,Self-employed,507,830569,21,251690,0.6963534749889332,Average,4,108432.0
56,796164,Employed,821,475048,23,36133,0.045383865635723296,Average,4,238849.19999999998
59,15532,Unemployed,376,188633,16,210803,13.572173577131084,Bad,7,4659.599999999999
55,24743,Unemployed,346,850692,19,44998,1.8186153659620903,Average,4,7422.9
54,133021,Employed,699,672798,8,149310,1.1224543493132664,Bad,9,39906.299999999996
44,5209,Unemployed,419,836874,16,213160,40.92148205029756,Good,1,1562.7
42,665899,Self-employed,453,891493,17,378747,0.5687754449248309,Average,5,199769.69999999998
25,836409,Employed,656,398210,18,49245,0.058876697883451755,Good,2,250922.69999999998
53,391732,Employed,576,780799,9,286701,0.7318804693004402,Good,1,117519.59999999999
56,235144,Self-employed,787,389988,20,333618,1.4187816827135713,Bad,8,70543.2
40,221194,Self-employed,754,363719,11,228810,1.0344313136884364,Average,3,66358.2
39,188011,Self-employed,462,790245,19,197739,1.051741653413896,Average,5,56403.299999999996
55,481598,Employed,731,881459,17,354372,0.7358253148891815,Good,1,144479.4
37,519242,Self-employed,841,911921,20,262882,0.5062803086036954,Good,2,155772.6
54,103662,Self-employed,630,86381,16,217585,2.098985163319249,Bad,6,31098.6
29,14628,Unemployed,373,776168,11,66074,4.5169537872573144,Average,5,4388.4
46,12032,Unemployed,446,843708,20,59204,4.9205452127659575,Bad,7,3609.6
22,656946,Employed,791,829675,17,230669,0.3511232277843232,Bad,6,197083.8
29,25622,Unemployed,468,195984,7,224872,8.776520177972055,Bad,9,7686.599999999999
29,9722,Unemployed,408,62272,19,157647,16.21549063978605,Average,3,2916.6
37,353249,Self-employed,463,497916,7,208096,0.5890915473221439,Bad,8,105974.7
21,9576,Self-employed,383,699411,11,156472,16.340016708437762,Average,3,2872.7999999999997
45,38868,Unemployed,460,998358,22,7846,0.20186271482967993,Bad,6,11660.4
45,35285,Unemployed,390,740096,18,24694,0.6998441263993198,Good,0,10585.5
59,25054,Unemployed,313,255091,22,284884,11.370799074000159,Bad,7,7516.2
55,44439,Employed,838,854050,23,31996,0.719998199779473,Bad,9,13331.699999999999
23,793445,Employed,710,266064,18,64874,0.08176244100095155,Average,3,238033.5
57,927246,Employed,508,108121,10,98661,0.1064021845335542,Good,2,278173.8
50,35413,Unemployed,359,472435,12,107945,3.0481743992319204,Good,2,10623.9
58,25269,Unemployed,353,603160,11,191754,7.588507657604179,Average,3,7580.7
54,365689,Employed,611,869564,22,176272,0.4820270776534159,Average,5,109706.7
32,777358,Employed,664,266237,22,23970,0.03083521363387268,Good,0,233207.4
39,16542,Unemployed,326,277049,19,170143,10.285515657115221,Average,5,4962.599999999999
57,821197,Self-employed,517,648047,23,184340,0.2244771960930203,Good,0,246359.09999999998
37,249073,Employed,688,419567,6,89890,0.36089821056477417,Bad,6,74721.9
30,25300,Unemployed,478,295125,12,228249,9.021699604743082,Bad,9,7590.0
32,18435,Unemployed,318,862335,15,58300,3.1624627068077027,Good,0,5530.5
36,706696,Self-employed,595,859253,22,262387,0.37128694657957595,Good,1,212008.8
44,13095,Unemployed,321,373344,17,62915,4.8045055364642995,Bad,8,3928.5
39,8951,Unemployed,493,84289,13,140516,15.69835772539381,Bad,9,2685.2999999999997
28,339799,Employed,537,642794,13,76147,0.22409424395009991,Good,0,101939.7
51,797023,Employed,682,604801,21,77064,0.0966898069440907,Average,4,239106.9
41,56786,Self-employed,482,415090,11,67535,1.189289613637164,Average,4,17035.8
37,182586,Self-employed,406,708291,13,4760,0.026069906783652636,Good,0,54775.799999999996
43,38979,Unemployed,307,402890,5,168956,4.334539110803253,Average,3,11693.699999999999
57,897413,Employed,823,314660,6,365859,0.4076818588542845,Bad,6,269223.89999999997
36,527058,Self-employed,755,261480,8,388635,0.737366665528272,Bad,6,158117.4
26,661520,Self-employed,635,788331,18,186576,0.28204135929374774,Average,3,198456.0
28,409062,Self-employed,768,718046,8,131992,0.3226699131183048,Good,2,122718.59999999999
45,18882,Unemployed,446,490067,6,175953,9.318557356212265,Bad,6,5664.599999999999
38,31095,Employed,769,333356,12,63399,2.038880849011095,Bad,6,9328.5
45,701343,Self-employed,784,135498,22,224129,0.3195711656065577,Bad,8,210402.9
32,751975,Employed,722,256024,23,325422,0.4327564081252701,Average,4,225592.5
35,889343,Self-employed,478,657258,18,114286,0.1285060994464453,Good,2,266802.89999999997
46,56999,Self-employed,733,92009,14,166693,2.9244899033316374,Average,4,17099.7
46,310488,Employed,780,725858,21,229057,0.737732215093659,Good,1,93146.4
52,231587,Employed,688,425159,12,255551,1.1034773109025982,Good,2,69476.09999999999
30,674673,Employed,797,723755,18,145151,0.21514274322523652,Average,3,202401.9
36,18248,Unemployed,463,46816,12,356659,19.545100832967996,Bad,7,5474.4
27,348288,Self-employed,463,6138,9,53142,0.15258062293274532,Good,0,104486.4
37,30854,Unemployed,337,93176,20,390301,12.649931937512154,Average,5,9256.199999999999
43,613072,Employed,669,340089,12,93930,0.15321202077406895,Bad,7,183921.6
46,366788,Self-employed,473,792449,14,98812,0.26939812643816047,Good,0,110036.4
41,15584,Unemployed,488,798883,12,165702,10.632828542094456,Good,1,4675.2
42,567193,Self-employed,369,720316,13,71063,0.1252889228181589,Bad,9,170157.9
27,38359,Unemployed,314,358007,22,131990,3.440913475325217,Good,1,11507.699999999999
34,627679,Employed,768,798710,7,275391,0.4387449635880761,Average,5,188303.69999999998
35,34482,Unemployed,487,223552,21,280747,8.141842120526652,Good,0,10344.6
27,679502,Self-employed,828,45764,19,103099,0.1517272944008995,Good,0,203850.6
29,13625,Self-employed,587,125030,21,177636,13.037504587155963,Bad,7,4087.5
28,387869,Self-employed,798,920638,12,263671,0.6797939510504836,Average,3,116360.7
43,704832,Self-employed,602,851375,6,200530,0.2845075138472714,Bad,7,211449.6
49,574854,Employed,817,621955,21,268993,0.46793272726640156,Average,5,172456.19999999998
38,38205,Unemployed,328,318462,22,225388,5.899437246433713,Bad,9,11461.5
51,59717,Employed,820,891855,9,313458,5.24905805716965,Good,2,17915.1
50,923724,Employed,547,368142,13,177796,0.1924774066712568,Average,3,277117.2
59,713524,Employed,749,62128,13,225748,0.31638459252947343,Average,5,214057.19999999998
55,305706,Self-employed,802,221128,6,280374,0.9171360719122293,Good,2,91711.8
38,25169,Self-employed,766,810301,6,355373,14.119472366800428,Bad,6,7550.7
59,813036,Self-employed,440,235540,23,335639,0.41282181846806293,Average,4,243910.8
37,13007,Unemployed,324,7039,7,364534,28.025986007534403,Good,2,3902.1
34,122419,Self-employed,730,154353,21,92937,0.7591713704572003,Good,0,36725.7
51,14255,Unemployed,306,114935,18,376867,26.437530690985618,Average,3,4276.5
44,875061,Self-employed,510,536730,18,266467,0.30451248541530246,Average,3,262518.3
55,586933,Self-employed,385,862220,18,394661,0.6724123537098783,Average,5,176079.9
54,260796,Employed,752,908161,10,346089,1.327048727741223,Good,2,78238.8
23,845636,Employed,756,291730,7,142035,0.16796233840564972,Bad,7,253690.8
57,554154,Employed,532,55053,5,383945,0.6928489192534927,Bad,9,166246.19999999998
46,24689,Unemployed,302,183561,20,147509,5.974685082425371,Average,4,7406.7
43,33506,Unemployed,351,740464,8,82947,2.4755864621261865,Good,1,10051.8
59,193392,Self-employed,369,88346,5,397452,2.055162571357657,Good,1,58017.6
35,18765,Unemployed,482,331231,21,325041,17.321662669864107,Average,4,5629.5
24,43712,Self-employed,663,407841,22,119636,2.7369143484626646,Good,1,13113.6
49,25478,Unemployed,323,560685,12,276631,10.857641887118298,Good,0,7643.4
42,33072,Unemployed,376,322815,6,340528,10.296565070149976,Good,1,9921.6
45,38966,Unemployed,375,118214,22,14155,0.36326541087101577,Average,5,11689.8
33,573044,Employed,658,487001,20,274399,0.4788445564389471,Average,4,171913.19999999998
38,39651,Unemployed,391,855329,14,121860,3.0733146705001135,Average,5,11895.3
53,358477,Employed,517,683509,12,396195,1.1052173500670894,Bad,7,107543.09999999999
36,529755,Employed,654,979534,16,388740,0.7338109125916698,Bad,6,158926.5
22,26346,Unemployed,453,989410,20,75543,2.8673422910498747,Average,3,7903.799999999999
55,819456,Self-employed,701,400499,16,36094,0.04404629412683536,Good,2,245836.8
54,484456,Self-employed,516,402826,15,221638,0.4574987202140132,Good,1,145336.8
50,786879,Self-employed,330,438542,23,10734,0.013641233277289139,Average,3,236063.69999999998
33,6892,Unemployed,358,279068,5,204056,29.607661056297157,Good,0,2067.6
33,330499,Self-employed,652,639431,7,302749,0.916036054572026,Good,1,99149.7
38,946390,Employed,734,374397,16,78932,0.08340324813237672,Bad,9,283917.0
52,673778,Self-employed,490,995666,13,125109,0.18568282134471592,Good,2,202133.4
52,39783,Unemployed,317,364441,9,28881,0.7259633511801523,Good,2,11934.9
55,191256,Self-employed,544,789301,5,195473,1.0220489814698623,Average,5,57376.799999999996
59,48402,Employed,849,885520,14,41122,0.849592992025123,Bad,6,14520.6
49,15315,Unemployed,334,789446,21,244627,15.973032974208293,Bad,7,4594.5
49,597138,Self-employed,616,536391,8,298441,0.4997856441894503,Good,0,179141.4
36,8883,Unemployed,420,477738,19,112513,12.666103793763368,Average,3,2664.9
30,15051,Unemployed,324,898749,23,37680,2.503488140322902,Bad,6,4515.3
50,16695,Unemployed,459,428674,12,84452,5.058520515124289,Bad,9,5008.5
45,159195,Self-employed,413,84409,19,52044,0.3269198153208329,Good,0,47758.5
59,12902,Unemployed,431,25248,11,176156,13.653387071771819,Bad,7,3870.6
40,527741,Self-employed,465,484376,19,145582,0.2758588019501991,Average,3,158322.3
25,676132,Employed,690,700876,12,353646,0.5230428377890708,Average,3,202839.6
21,61494,Self-employed,300,948565,14,23152,0.37649201548118516,Bad,8,18448.2
50,863410,Employed,728,681530,22,85738,0.09930160642105142,Average,3,259023.0
23,384989,Self-employed,619,10024,8,158517,0.41174423165337193,Average,4,115496.7
34,23125,Unemployed,404,477430,19,208760,9.02745945945946,Good,0,6937.5
50,880837,Self-employed,549,236864,15,395411,0.44890371317281175,Bad,7,264251.1
24,9023,Unemployed,410,874379,7,105533,11.695999113376926,Bad,9,2706.9
38,767996,Employed,755,176875,19,192021,0.25002864598253116,Good,1,230398.8
57,568506,Self-employed,443,938800,7,26433,0.04649555149813722,Good,1,170551.8
45,38158,Unemployed,344,355973,19,399521,10.470176633995493,Good,2,11447.4
21,941011,Employed,668,881140,10,190932,0.20290092251844027,Good,2,282303.3
35,61017,Employed,732,875096,5,205685,3.3709458019896092,Average,3,18305.1
29,359182,Self-employed,570,413473,18,49648,0.13822518945826906,Average,3,107754.59999999999
35,573803,Employed,795,145927,20,195162,0.340120215474649,Good,0,172140.9
44,12634,Unemployed,464,87178,5,228993,18.125138515117936,Bad,7,3790.2
24,976881,Employed,733,889553,21,43113,0.0441333181830745,Bad,7,293064.3
32,555679,Employed,682,518540,12,247602,0.44558459110385673,Bad,7,166703.69999999998
57,19184,Unemployed,406,808457,22,366648,19.112176814011676,Good,0,5755.2
57,929574,Employed,722,399674,20,131431,0.14138842093259923,Average,3,278872.2
26,599935,Employed,733,65610,10,174714,0.2912215490011418,Average,3,179980.5
59,750252,Employed,683,597131,14,296206,0.3948086776176538,Average,3,225075.6
44,292571,Employed,684,633525,14,334777,1.144259000379395,Average,5,87771.3
31,5731,Unemployed,331,479177,9,42604,7.433955679637061,Bad,8,1719.3
33,347803,Employed,701,707191,16,242201,0.6963740968306772,Bad,9,104340.9
54,12025,Unemployed,445,700787,21,138750,11.538461538461538,Average,5,3607.5
45,317555,Employed,626,489025,18,33121,0.1043000425123207,Good,0,95266.5
27,660216,Employed,634,656587,18,126015,0.19086935184848594,Average,5,198064.8
24,438177,Employed,763,433722,7,350084,0.798955673164041,Average,5,131453.1
28,544111,Employed,634,7668,16,279638,0.5139355756454106,Good,0,163233.3
40,26392,Unemployed,493,224542,22,176257,6.678425280387996,Average,5,7917.599999999999
49,18262,Unemployed,409,180267,16,169704,9.292739020917752,Bad,6,5478.599999999999
30,28772,Unemployed,413,861665,6,47235,1.6417002641456973,Good,0,8631.6
54,810231,Self-employed,735,157489,6,133720,0.1650393529746455,Good,0,243069.3
46,684229,Employed,503,346126,21,344357,0.5032774115098892,Average,4,205268.69999999998
23,908584,Employed,743,632421,14,199989,0.2201106336893452,Bad,6,272575.2
26,24333,Unemployed,465,799183,22,17489,0.718735873094152,Bad,8,7299.9
25,386977,Self-employed,694,310362,23,340425,0.8797034449075785,Bad,8,116093.09999999999
25,338697,Employed,516,915081,5,371334,1.0963604637773585,Average,3,101609.09999999999
43,6115,Unemployed,330,795784,8,387757,63.4107931316435,Average,4,1834.5
29,102908,Employed,706,736412,8,105222,1.0224861040929762,Bad,7,30872.399999999998
55,204698,Employed,645,90835,6,2316,0.01131422876628008,Average,4,61409.399999999994
40,35820,Unemployed,411,623781,23,61046,1.7042434394193189,Bad,8,10746.0
55,9925,Unemployed,411,817359,16,341787,34.43697732997481,Average,4,2977.5
38,422432,Employed,746,698454,14,245187,0.5804176766911597,Good,1,126729.59999999999
37,58834,Employed,672,103948,17,360648,6.1299248733725396,Good,0,17650.2
44,24814,Unemployed,424,187194,19,116594,4.698718465382445,Average,4,7444.2
23,90261,Employed,520,555781,7,65042,0.720599151349974,Average,4,27078.3
52,722019,Employed,662,468755,17,129295,0.17907423488855556,Bad,7,216605.69999999998
55,13498,Unemployed,382,295851,12,155174,11.49607349236924,Good,0,4049.3999999999996
58,359782,Employed,832,726174,11,261737,0.7274877564747542,Bad,6,107934.59999999999
33,585134,Employed,692,140368,12,115430,0.19727105244268833,Average,4,175540.19999999998
45,644218,Self-employed,708,158470,22,239030,0.37103899611622154,Bad,8,193265.4
29,32126,Unemployed,391,299986,13,388926,12.106269065554379,Bad,8,9637.8
24,128182,Self-employed,763,15261,10,51094,0.39860510836154844,Average,3,38454.6
34,156786,Self-employed,337,78709,8,310863,1.9827216715778195,Good,1,47035.799999999996
57,89106,Self-employed,494,622273,19,205957,2.311370726999304,Bad,8,26731.8
54,391998,Employed,756,370760,9,122103,0.31148883412670475,Average,4,117599.4
31,194486,Employed,500,976208,9,129826,0.667533909895828,Bad,6,58345.799999999996
23,615864,Self-employed,395,855605,11,313622,0.5092390527778861,Average,5,184759.19999999998
48,783952,Self-employed,712,295925,13,230235,0.29368507255546256,Average,3,235185.6
49,740062,Self-employed,728,277796,11,44677,0.06036926635876454,Average,4,222018.6
29,122508,Employed,743,269247,13,12584,0.10271982237894668,Good,0,36752.4
23,723693,Self-employed,780,289644,14,265250,0.3665228211410087,Good,0,217107.9
45,903886,Self-employed,695,772692,8,26223,0.029011401880325617,Average,3,271165.8
54,6909,Unemployed,447,626624,10,298850,43.25517441018961,Good,0,2072.7
32,37848,Unemployed,335,430745,18,323513,8.54769076305221,Bad,8,11354.4
29,731506,Employed,628,639787,13,166215,0.22722301662597436,Good,1,219451.8
35,22140,Unemployed,410,675812,5,262689,11.86490514905149,Good,2,6642.0
45,19691,Unemployed,496,837825,21,156312,7.93824589914174,Bad,9,5907.3
25,39262,Unemployed,408,426390,17,273159,6.9573378839590445,Bad,7,11778.6
31,579883,Employed,578,459666,11,345308,0.5954787431257684,Bad,7,173964.9
54,38440,Unemployed,482,692796,13,52500,1.3657648283038502,Average,4,11532.0
44,454466,Employed,626,311550,15,327069,0.7196775996444178,Bad,9,136339.8
35,265300,Self-employed,328,327203,7,354123,1.334802110817942,Bad,7,79590.0
58,38212,Unemployed,497,673314,16,359499,9.408013189573955,Bad,7,11463.6
28,762878,Employed,779,346866,7,212668,0.2787706553341425,Average,5,228863.4
25,23582,Unemployed,309,777107,19,225045,9.543083707912816,Good,1,7074.599999999999
46,508477,Self-employed,404,538644,14,181703,0.35734752997677377,Average,3,152543.1
38,296152,Employed,735,654416,5,195724,0.6608903536022043,Good,2,88845.59999999999
26,315356,Employed,657,4187,18,183159,0.5808007458237674,Bad,8,94606.8
57,861659,Employed,810,865675,10,211861,0.24587568864249082,Average,4,258497.69999999998
33,743706,Self-employed,762,823530,6,318053,0.4276595859116371,Average,3,223111.8
48,787702,Self-employed,849,487687,12,274709,0.3487473689288589,Good,0,236310.59999999998
25,947722,Self-employed,554,678585,5,290741,0.3067787811193578,Average,4,284316.6
33,849407,Employed,594,660966,8,225376,0.2653333443213913,Average,4,254822.09999999998
37,137955,Self-employed,777,846052,8,66623,0.4829328404189772,Good,0,41386.5
52,13953,Unemployed,489,428044,9,75300,5.396688884110944,Average,5,4185.9
49,945742,Self-employed,783,128270,13,354981,0.3753465532883175,Average,5,283722.6
23,92999,Employed,743,945993,17,50314,0.541016570070646,Bad,9,27899.7
54,14638,Unemployed,367,802819,22,42965,2.935168738898757,Bad,7,4391.4
47,834055,Self-employed,432,333607,21,360593,0.43233719598827414,Bad,8,250216.5
33,25534,Unemployed,457,991336,5,216340,8.472624735646589,Bad,8,7660.2
53,24996,Unemployed,453,769286,19,331101,13.24615938550168,Bad,6,7498.799999999999
26,135682,Employed,653,922095,6,185522,1.3673294910157574,Average,5,40704.6
44,12130,Unemployed,414,767791,20,193974,15.991261335531739,Average,3,3639.0
39,10789,Unemployed,302,968020,9,291461,27.014644545370285,Bad,9,3236.7
36,406570,Employed,621,355827,23,382335,0.9403915684875913,Good,1,121971.0
48,607834,Employed,762,588349,9,329897,0.5427419328303451,Bad,7,182350.19999999998
53,823980,Employed,548,761785,6,298386,0.36212772154663947,Average,3,247194.0
33,23296,Unemployed,372,986240,11,133001,5.709177541208791,Good,0,6988.8
45,37244,Unemployed,340,83257,7,369406,9.9185372140479,Bad,9,11173.199999999999
56,7409,Unemployed,376,63753,21,255268,34.45377243892563,Good,1,2222.7
47,873214,Employed,626,873206,7,362950,0.415648397758167,Bad,6,261964.19999999998
58,58444,Self-employed,520,406303,17,361868,6.191704879885018,Average,4,17533.2
27,32167,Unemployed,363,426032,11,14580,0.45325955171449,Bad,7,9650.1
25,88337,Self-employed,568,25408,7,105134,1.1901468240940942,Good,1,26501.1
51,102894,Employed,848,126116,19,359111,3.4901063230120317,Average,4,30868.199999999997
43,27588,Unemployed,481,657496,22,283886,10.29019863708859,Bad,7,8276.4
30,415887,Self-employed,394,19413,14,18833,0.04528393529973286,Bad,7,124766.09999999999
52,30128,Unemployed,457,639938,11,97421,3.233570100902815,Bad,8,9038.4
50,12637,Unemployed,448,61500,13,72347,5.725013848223471,Bad,8,3791.1
59,11922,Unemployed,301,872946,9,75155,6.303891964435498,Average,4,3576.6
51,180793,Self-employed,493,58358,12,352935,1.9521496960612412,Average,5,54237.9
38,933649,Employed,835,68197,18,222580,0.2383979418389566,Bad,6,280094.7
56,32843,Unemployed,386,495992,8,115527,3.517553207685047,Average,3,9852.9
22,395208,Employed,657,750149,18,230482,0.5831916357968462,Good,1,118562.4
34,156417,Employed,638,225492,16,201657,1.2892268743167303,Average,5,46925.1
33,224356,Self-employed,572,787833,6,42057,0.18745654228101766,Good,0,67306.8
49,903201,Self-employed,548,428070,17,199511,0.22089324524662837,Good,0,270960.3
32,476742,Employed,803,78240,5,307405,0.6448036883681321,Average,3,143022.6
59,17563,Unemployed,301,237595,11,202984,11.557478790639413,Bad,6,5268.9
22,651231,Self-employed,804,524710,13,394258,0.6054042267643893,Average,5,195369.3
52,19925,Unemployed,303,747423,21,23769,1.1929234629861982,Good,0,5977.5
33,22648,Unemployed,440,280466,17,209990,9.27190038855528,Good,0,6794.4
47,15979,Unemployed,462,901485,14,23449,1.467488578759622,Average,3,4793.7
37,690715,Employed,627,8968,20,140648,0.20362667670457424,Good,1,207214.5
51,37705,Unemployed,433,291662,10,299489,7.9429518631481235,Average,3,11311.5
54,249678,Employed,637,840357,20,118926,0.47631749693605363,Average,3,74903.4
44,214811,Employed,520,192920,15,246518,1.1476041729706579,Bad,8,64443.299999999996
55,26737,Unemployed,322,900332,7,387720,14.501252945356622,Good,0,8021.099999999999
26,25895,Unemployed,447,881854,13,332572,12.843097122996717,Average,3,7768.5
39,6384,Unemployed,351,265844,19,224720,35.200501253132835,Good,0,1915.1999999999998
50,27689,Unemployed,400,882214,17,5321,0.19217017588211927,Average,4,8306.699999999999
27,778371,Employed,560,234076,14,268920,0.3454907749646377,Average,5,233511.3
30,35844,Unemployed,499,25199,17,279263,7.791066845218167,Bad,8,10753.199999999999
52,28365,Unemployed,438,439805,21,162641,5.733862154063106,Average,4,8509.5
54,914735,Employed,742,165187,11,131078,0.1432961458783145,Bad,7,274420.5
48,117105,Self-employed,520,457150,10,170668,1.4573929379616584,Good,2,35131.5
35,636256,Self-employed,832,511551,17,316111,0.4968298923703666,Bad,6,190876.8
50,423709,Employed,581,515942,21,165135,0.38973682409389465,Bad,8,127112.7
57,44767,Self-employed,821,711676,19,338867,7.569571336028771,Good,1,13430.1
49,164042,Employed,511,7520,8,187502,1.143012155423611,Bad,6,49212.6
42,34958,Unemployed,444,636102,19,113620,3.250185937410607,Bad,8,10487.4
24,22145,Unemployed,413,169527,18,81880,3.697448634003161,Average,3,6643.5
40,709537,Self-employed,798,772644,15,9195,0.012959155054634219,Bad,6,212861.1
52,10664,Unemployed,361,649652,8,255697,23.97758814703676,Average,4,3199.2
56,558188,Self-employed,334,961109,7,103658,0.18570445799623067,Bad,9,167456.4
24,748104,Self-employed,755,541243,6,58995,0.07885935645311347,Good,2,224431.19999999998
47,25043,Unemployed,422,177121,14,131112,5.23547498302919,Good,1,7512.9
37,6525,Unemployed,382,671277,17,219906,33.70206896551724,Bad,8,1957.5
32,585632,Self-employed,331,989797,22,39250,0.06702161084093765,Average,5,175689.6
42,15046,Unemployed,311,473797,20,258841,17.203309849793964,Bad,6,4513.8
37,635502,Employed,832,252144,15,16376,0.025768604976852946,Average,3,190650.6
30,31624,Unemployed,478,66925,14,233647,7.388281052365292,Bad,9,9487.199999999999
21,10255,Unemployed,495,371360,13,187911,18.32384202827889,Good,0,3076.5
42,869812,Employed,585,596557,16,327867,0.3769400744068833,Good,1,260943.59999999998
46,38971,Unemployed,303,950458,23,44442,1.1403864411998665,Average,3,11691.3
38,24194,Unemployed,320,992121,5,6392,0.2641977349756138,Bad,7,7258.2
34,335724,Self-employed,404,305602,22,159178,0.47413351443447593,Average,3,100717.2
49,26057,Unemployed,486,353181,18,25809,0.990482403960548,Good,1,7817.099999999999
32,14990,Unemployed,348,678473,5,116095,7.74482988659106,Average,5,4497.0
56,925503,Employed,644,101977,21,132765,0.14345172300900158,Bad,7,277650.89999999997
55,405723,Self-employed,653,507838,15,100473,0.2476393992945926,Average,4,121716.9
32,73682,Self-employed,618,521163,19,95769,1.2997611356912135,Bad,7,22104.6
27,88030,Self-employed,341,485442,8,75710,0.860047711007611,Bad,9,26409.0
49,22500,Unemployed,484,832371,19,274496,12.199822222222222,Good,2,6750.0
31,268894,Self-employed,806,31345,18,184268,0.6852811888699636,Bad,7,80668.2
53,427243,Employed,764,781976,5,203138,0.47546244174860675,Bad,8,128172.9
26,141817,Self-employed,591,965817,13,137064,0.9664849771183991,Bad,6,42545.1
35,641272,Employed,791,374251,11,54076,0.08432615177335047,Average,3,192381.6
52,360887,Self-employed,396,910298,15,286498,0.79387176595444,Good,2,108266.09999999999
31,17150,Self-employed,394,788086,6,135384,7.8941107871720115,Average,4,5145.0
43,180853,Employed,573,495814,6,308977,1.7084427684362438,Average,3,54255.9
46,907479,Self-employed,367,333310,10,5318,0.0058601907041375065,Good,1,272243.7
54,894589,Self-employed,376,705221,23,113363,0.12672076227183657,Average,4,268376.7
54,885847,Self-employed,520,99406,18,363136,0.4099308345572091,Average,5,265754.1
49,22669,Unemployed,453,313442,7,329147,14.519696501830694,Bad,6,6800.7
24,364154,Employed,843,966725,11,159264,0.43735342739610167,Average,5,109246.2
37,212836,Self-employed,373,309086,11,370985,1.7430556860681463,Good,2,63850.799999999996
55,605100,Employed,687,529741,8,101726,0.16811436126260124,Average,5,181530.0
33,378413,Employed,820,629099,9,90199,0.23836126137315578,Bad,9,113523.9
59,55395,Employed,734,581223,21,382339,6.9020489213827965,Average,5,16618.5
35,935777,Self-employed,631,386583,8,169561,0.18119808458639183,Good,1,280733.1
49,776469,Self-employed,644,700730,17,252131,0.32471483085609343,Bad,6,232940.69999999998
49,254839,Employed,734,796760,20,370651,1.4544516341690243,Average,3,76451.7
31,27409,Unemployed,414,17534,20,371317,13.54726549673465,Good,0,8222.699999999999
52,804456,Employed,727,873712,6,29273,0.03638856568911165,Good,1,241336.8
22,7881,Unemployed,389,562608,22,179625,22.792158355538636,Average,4,2364.2999999999997
34,666148,Employed,805,575458,5,30473,0.04574508967977086,Average,5,199844.4
40,488253,Employed,515,102546,22,62410,0.1278230753318464,Bad,8,146475.9
42,485605,Employed,541,606489,12,129536,0.26675178385725024,Average,5,145681.5
31,144728,Self-employed,577,760761,15,356125,2.460650323365209,Bad,8,43418.4
47,36555,Unemployed,318,272784,19,46310,1.2668581589385857,Average,3,10966.5
23,37833,Unemployed,466,233324,20,84406,2.2310152512356938,Good,2,11349.9
37,101240,Employed,809,486273,21,192755,1.903941129988147,Good,1,30372.0
48,214304,Self-employed,411,687409,21,375909,1.7540923174555771,Good,1,64291.2
49,831641,Self-employed,706,400834,16,289136,0.34766924670621097,Good,1,249492.3
41,26076,Unemployed,438,235612,14,30433,1.1670885105077466,Bad,9,7822.799999999999
36,378798,Self-employed,404,713413,10,289077,0.7631428888220106,Good,2,113639.4
57,12960,Unemployed,490,921424,12,190807,14.722762345679012,Bad,6,3888.0
40,22821,Unemployed,472,308081,17,141842,6.215415625958547,Bad,6,6846.3
26,32258,Unemployed,420,727084,6,332429,10.305319610639222,Bad,8,9677.4
39,722884,Self-employed,606,145279,23,373265,0.516355321185695,Average,5,216865.19999999998
25,29968,Unemployed,301,198846,14,385891,12.876768553123332,Bad,9,8990.4
23,18828,Unemployed,489,690332,8,205463,10.912630125345231,Average,4,5648.4
21,332788,Employed,679,406015,16,374826,1.1263206606007428,Bad,7,99836.4
58,18311,Unemployed,385,728448,22,241705,13.199989077603627,Average,3,5493.3
35,35531,Unemployed,308,424132,11,24439,0.6878219020010695,Average,4,10659.3
54,173452,Employed,649,72463,8,358970,2.069563913935844,Good,1,52035.6
55,441034,Employed,637,95500,11,93776,0.2126275978722729,Bad,8,132310.19999999998
45,550999,Self-employed,606,209772,14,214391,0.3890950800273685,Average,3,165299.69999999998
44,34317,Unemployed,361,563446,19,382214,11.13774514089227,Good,2,10295.1
32,63480,Self-employed,677,86607,16,355489,5.600015752993069,Bad,6,19044.0
38,779597,Self-employed,490,908071,5,376067,0.4823864124669541,Good,2,233879.1
35,85162,Employed,686,771305,22,346603,4.069925553650689,Average,3,25548.6
36,583366,Self-employed,666,335840,20,245361,0.42059530380584403,Good,1,175009.8
47,27449,Unemployed,431,849942,9,212634,7.746511712630697,Good,0,8234.699999999999
28,542871,Employed,622,122076,23,155641,0.2866997868738614,Bad,6,162861.3
45,37543,Unemployed,419,60692,8,382742,10.19476333803905,Average,5,11262.9
37,34362,Unemployed,479,657129,10,173959,5.062540015132996,Bad,6,10308.6
49,188818,Employed,829,719104,21,351115,1.8595419928184813,Bad,9,56645.4
28,26061,Unemployed,470,804242,11,124299,4.7695406929895245,Good,0,7818.299999999999
35,719517,Employed,771,924630,11,249155,0.34628090788681853,Average,3,215855.1
47,16322,Unemployed,480,163081,13,288380,17.668177919372624,Bad,8,4896.599999999999
27,501058,Employed,725,113718,17,217942,0.43496361698645664,Average,3,150317.4
23,848224,Self-employed,394,355076,18,377823,0.44542833025238615,Bad,8,254467.19999999998
49,36600,Unemployed,340,526480,20,81570,2.2286885245901638,Good,1,10980.0
44,421342,Employed,721,249536,13,97621,0.23169064560380878,Bad,8,126402.59999999999
23,13245,Unemployed,482,38413,19,272586,20.580294450736126,Bad,6,3973.5
40,35098,Unemployed,361,145888,9,319581,9.10539062054818,Bad,7,10529.4
35,15588,Unemployed,486,565370,22,257411,16.513407749550936,Average,3,4676.4
45,921712,Employed,567,853480,12,341323,0.37031415452983146,Good,2,276513.6
50,999843,Self-employed,581,649418,19,205318,0.20535023998767807,Average,4,299952.89999999997
34,277743,Self-employed,307,577228,13,170632,0.614352116885034,Bad,9,83322.9
27,146280,Self-employed,790,689490,23,388752,2.6575881870385563,Good,1,43884.0
37,210564,Employed,780,566430,10,65557,0.3113400201363956,Average,4,63169.2
40,576054,Self-employed,548,524780,8,73752,0.12802966388567738,Bad,6,172816.19999999998
56,472602,Employed,582,38468,15,209320,0.44290967875717835,Good,1,141780.6
29,14308,Unemployed,416,950202,14,202513,14.15383002516075,Good,1,4292.4
58,14609,Unemployed,355,668015,7,49534,3.3906495995619137,Bad,7,4382.7
42,88211,Self-employed,716,180969,5,367447,4.165546247066692,Good,1,26463.3
22,477095,Employed,570,425291,16,160002,0.3353671700604701,Good,2,143128.5
44,13720,Unemployed,488,928863,19,386439,28.166107871720115,Average,3,4116.0
28,634281,Employed,509,917480,19,221114,0.348605744141792,Good,0,190284.3
31,865358,Employed,815,497413,18,378431,0.43731149420239945,Average,4,259607.4
33,28365,Unemployed,316,238187,11,270432,9.534003172924379,Average,5,8509.5
37,580193,Employed,792,44056,21,110570,0.19057451572149267,Average,4,174057.9
28,35653,Unemployed,417,53831,23,358691,10.06061201020952,Average,3,10695.9
41,19799,Unemployed,499,847623,11,82122,4.147785241678872,Good,0,5939.7
38,20052,Unemployed,456,775952,7,193590,9.654398563734292,Good,0,6015.599999999999
50,180943,Employed,715,910380,7,33400,0.1845885168257407,Average,4,54282.9
38,25234,Unemployed,433,428488,22,385753,15.287033367678529,Good,1,7570.2
51,702634,Employed,534,634405,18,133639,0.1901971723543125,Average,5,210790.19999999998
58,27304,Unemployed,317,278815,7,48878,1.7901406387342513,Average,5,8191.2
52,22572,Unemployed,312,291192,11,49850,2.208488392698919,Average,3,6771.599999999999
31,54892,Self-employed,645,995778,11,395310,7.201595860963346,Bad,6,16467.6
45,882933,Self-employed,747,814395,9,143207,0.16219463991038957,Good,2,264879.89999999997
53,285064,Self-employed,618,570242,7,342188,1.2003900878399236,Good,0,85519.2
58,286216,Employed,533,467525,22,46113,0.1611125862984599,Average,5,85864.8
28,818326,Employed,765,235192,19,59791,0.07306501320989435,Good,1,245497.8
31,33287,Unemployed,306,359574,18,272828,8.196232763541323,Average,3,9986.1
42,12991,Unemployed,379,527005,8,355927,27.39796782387807,Good,0,3897.2999999999997
44,34084,Unemployed,311,275820,12,72727,2.133757774909048,Average,5,10225.199999999999
37,29976,Unemployed,347,399650,17,346522,11.559981318388044,Average,4,8992.8
32,899075,Employed,781,182882,12,59552,0.0662369657703751,Bad,6,269722.5
52,7770,Unemployed,421,120696,19,140118,18.033204633204633,Average,3,2331.0
35,9846,Unemployed,311,919262,21,5934,0.6026812918951858,Bad,8,2953.7999999999997
36,185116,Self-employed,597,6994,9,178878,0.966302210505845,Good,1,55534.799999999996
42,18628,Unemployed,357,792666,8,264498,14.19894782048529,Good,2,5588.4
48,6973,Unemployed,333,71300,15,105777,15.16951097088771,Bad,9,2091.9
40,38038,Unemployed,492,308093,22,96352,2.533045901466954,Good,1,11411.4
53,234249,Employed,726,563693,14,255164,1.0892853331284231,Bad,9,70274.7
30,470432,Self-employed,533,299016,21,54046,0.11488589211618257,Good,1,141129.6
52,13250,Unemployed,378,306359,19,374242,28.24467924528302,Bad,8,3975.0
53,33757,Unemployed,433,549473,10,66064,1.9570459460260095,Bad,8,10127.1
22,477243,Self-employed,448,700802,20,320328,0.6712052350689272,Average,4,143172.9
53,11908,Unemployed,392,518479,19,135035,11.339855559287873,Good,2,3572.4
53,867887,Employed,753,446975,12,28424,0.032750807420781736,Average,3,260366.09999999998
33,7911,Unemployed,331,829585,13,212111,26.812160283150043,Bad,6,2373.2999999999997
50,369252,Employed,558,341679,15,135114,0.3659127100191739,Average,3,110775.59999999999
53,256301,Employed,568,659941,6,270283,1.054553045052497,Bad,6,76890.3
33,22493,Unemployed,317,53717,17,274370,12.198017160894501,Good,0,6747.9
46,809066,Self-employed,483,4763,8,368378,0.45531266917655666,Good,2,242719.8
42,85063,Employed,821,357054,13,346796,4.076931215687196,Good,1,25518.899999999998
59,548628,Self-employed,617,57480,9,170180,0.3101919697864491,Bad,8,164588.4
22,19901,Unemployed,442,696119,23,71647,3.6001708456861463,Average,3,5970.3
58,986100,Employed,792,209139,7,69617,0.07059831660075043,Good,0,295830.0
59,27820,Unemployed,430,120094,7,161887,5.819086987778577,Bad,8,8346.0
46,520518,Self-employed,711,682667,10,174302,0.3348625791999508,Average,5,156155.4
35,29059,Unemployed,317,753731,14,195444,6.725764823290547,Bad,7,8717.699999999999
54,32801,Unemployed,347,537352,9,245956,7.498429925916893,Bad,6,9840.3
31,484055,Employed,772,78848,7,186092,0.38444391649709225,Good,2,145216.5
23,31246,Unemployed,356,563836,11,149537,4.785796581962491,Bad,7,9373.8
26,17807,Unemployed,427,170017,22,4531,0.25445049699556355,Bad,6,5342.099999999999
29,10492,Unemployed,355,967441,12,141415,13.478364468166221,Average,3,3147.6
26,585645,Employed,658,794908,5,231092,0.39459399465546535,Good,0,175693.5
29,823746,Self-employed,475,446972,8,357455,0.4339383742075834,Bad,9,247123.8
59,314150,Self-employed,510,878533,11,224374,0.7142256883654305,Bad,8,94245.0
51,15686,Unemployed,373,528670,18,83124,5.299247736835395,Average,3,4705.8
52,615894,Employed,803,444899,17,176861,0.28716142712869425,Bad,6,184768.19999999998
32,34928,Unemployed,370,483215,14,45069,1.2903401282638571,Bad,7,10478.4
28,959227,Self-employed,481,702636,22,234470,0.24443640556406357,Bad,8,287768.1
28,279465,Employed,833,952906,5,219474,0.7853362675111374,Bad,7,83839.5
48,543314,Self-employed,328,487097,8,122907,0.22621725190221492,Bad,8,162994.19999999998
40,300625,Self-employed,392,505516,20,257000,0.8548856548856549,Average,3,90187.5
27,663672,Employed,675,422162,20,89074,0.13421388878843765,Bad,9,199101.6
31,956025,Employed,710,605986,22,109345,0.1143746240945582,Bad,7,286807.5
40,22591,Unemployed,394,772050,12,218834,9.686777920410783,Bad,9,6777.3
36,7696,Unemployed,396,769669,14,55203,7.172946985446986,Bad,9,2308.7999999999997
24,421673,Self-employed,564,993437,20,147162,0.3489955486834585,Good,2,126501.9
26,117695,Employed,518,941839,15,16915,0.14371893453417733,Good,2,35308.5
42,168982,Employed,633,47095,10,304621,1.8026831260134215,Good,0,50694.6
46,20858,Unemployed,438,475146,5,189059,9.064100105475118,Good,0,6257.4
23,549380,Self-employed,824,394118,16,379884,0.69147766573228,Average,4,164814.0
34,295699,Self-employed,554,815629,10,123217,0.41669738484066565,Good,1,88709.7
31,12252,Unemployed,319,916051,17,147101,12.00628468821417,Average,5,3675.6
38,435041,Employed,663,548298,21,228439,0.525097634475831,Good,1,130512.29999999999
32,29151,Unemployed,368,419339,5,90067,3.0896710232925115,Average,3,8745.3
43,5036,Unemployed,439,352067,12,54520,10.826052422557586,Good,1,1510.8
32,37761,Unemployed,398,660250,12,71053,1.8816503800217155,Bad,9,11328.3
33,13060,Unemployed,467,394670,15,52464,4.017151607963247,Good,1,3918.0
45,160613,Employed,677,111162,18,154033,0.9590319588078176,Good,2,48183.9
39,10932,Unemployed,402,385071,14,288501,26.390504939626783,Good,0,3279.6
56,750489,Employed,636,272170,19,133316,0.17763884613898404,Bad,8,225146.69999999998
28,11333,Unemployed,427,329069,11,68952,6.084178946439601,Average,3,3399.9
49,126173,Self-employed,304,595130,11,49061,0.38883913357057376,Average,3,37851.9
52,231675,Employed,756,297809,14,269634,1.1638459048235674,Bad,8,69502.5
38,901811,Self-employed,542,273421,8,78219,0.0867354689619,Good,1,270543.3
26,12887,Unemployed,458,175311,22,389449,30.220299526654767,Good,2,3866.1
38,37370,Unemployed,494,442880,14,268983,7.197832485951298,Good,1,11211.0
39,29918,Unemployed,469,836440,23,25992,0.868774650711946,Average,5,8975.4
42,385706,Employed,581,803115,18,114154,0.29596117249926107,Average,5,115711.8
57,279073,Self-employed,445,658030,17,255166,0.9143342422950268,Bad,7,83721.9
52,764459,Employed,842,222283,19,177010,0.23154937020821262,Bad,7,229337.69999999998
23,320690,Employed,810,675249,20,256087,0.7985500015591381,Average,4,96207.0
48,17888,Unemployed,357,450828,6,319393,17.855154293381037,Good,2,5366.4
30,432499,Self-employed,646,701895,8,104313,0.2411866848247048,Good,1,129749.7
55,24251,Unemployed,425,342686,22,313878,12.942888953032865,Good,1,7275.3
49,158279,Employed,571,318463,21,179152,1.1318747275380814,Good,1,47483.7
35,32144,Unemployed,409,247144,14,206532,6.425211548033848,Bad,6,9643.199999999999
53,57132,Self-employed,393,880499,13,126626,2.2163761114611775,Bad,9,17139.6
27,26876,Unemployed,382,678999,19,287404,10.69370442030064,Average,4,8062.799999999999
32,688444,Self-employed,635,197784,16,191679,0.2784235173812249,Bad,9,206533.19999999998
50,681503,Self-employed,791,936137,13,62852,0.09222556613837357,Good,1,204450.9
41,19179,Unemployed,339,778505,18,29380,1.531883831273789,Average,4,5753.7
51,695582,Employed,561,954164,17,72257,0.10387991638656549,Bad,6,208674.6
44,28949,Unemployed,408,333119,10,173263,5.985111748246917,Bad,6,8684.699999999999
40,605657,Employed,677,165244,23,268074,0.4426168606983821,Bad,7,181697.1
57,919532,Employed,759,454413,8,398569,0.43344766685661834,Bad,7,275859.6
24,13775,Unemployed,316,103158,21,181626,13.18519056261343,Bad,7,4132.5
48,961697,Employed,840,978351,23,220559,0.22934354583616254,Good,1,288509.1
40,716136,Employed,717,800009,7,317161,0.4428781683925958,Good,0,214840.8
44,22199,Unemployed,471,865731,18,246824,11.11869904049732,Good,1,6659.7
52,20066,Unemployed,416,808608,21,205378,10.235124090501346,Bad,6,6019.8
56,21800,Unemployed,330,963890,17,157597,7.229220183486238,Average,5,6540.0
54,747167,Employed,546,65972,13,81630,0.10925268380429007,Good,0,224150.1
56,90637,Self-employed,407,908450,5,200283,2.209726712049163,Good,2,27191.1
22,712567,Employed,826,485007,21,32280,0.045301003274078086,Bad,9,213770.1
35,681257,Self-employed,697,436219,20,125130,0.18367517691561333,Average,3,204377.1
54,37015,Unemployed,470,284140,22,143312,3.871727677968391,Good,0,11104.5
56,667643,Self-employed,555,627210,6,269688,0.403940429241376,Good,0,200292.9
26,16019,Unemployed,427,875030,18,190053,11.8642237343155,Average,4,4805.7
59,24346,Unemployed,340,562219,21,158908,6.527068101536186,Bad,9,7303.8
32,422972,Self-employed,456,650456,7,277532,0.6561474518407838,Average,3,126891.59999999999
23,22861,Unemployed,358,168782,6,245335,10.731595293294257,Bad,7,6858.3
38,386784,Self-employed,323,125099,12,2694,0.006965127823281211,Good,0,116035.2
41,26976,Unemployed,443,560981,6,128727,4.771908362989324,Average,3,8092.799999999999
35,423807,Employed,633,955244,6,351346,0.8290235885674375,Average,5,127142.09999999999
53,878292,Employed,712,996745,13,114057,0.12986227814895274,Good,0,263487.6
55,5347,Unemployed,465,110944,10,312438,58.4323919955115,Good,1,1604.1
46,11869,Unemployed,478,750943,16,39769,3.350661386805965,Bad,8,3560.7
28,354760,Self-employed,520,733862,13,376433,1.0610920058631188,Good,2,106428.0
56,124515,Employed,785,805806,11,103885,0.8343171505441112,Good,0,37354.5
50,193088,Self-employed,765,996178,16,38855,0.20122949121644018,Average,3,57926.4
43,17386,Unemployed,457,249572,9,133532,7.680432531922237,Bad,8,5215.8
34,17938,Unemployed,326,345615,20,48646,2.711896532500836,Good,1,5381.4
34,999199,Self-employed,526,572201,9,114947,0.11503914635623134,Average,3,299759.7
22,23854,Unemployed,371,912115,16,11910,0.4992873312651966,Good,2,7156.2
57,499234,Employed,517,199097,13,83757,0.16777102521062268,Good,1,149770.19999999998
25,25044,Self-employed,344,832948,11,228961,9.142349464941702,Good,0,7513.2
58,969479,Employed,842,614084,23,236222,0.24365870740882473,Good,2,290843.7
34,368608,Employed,721,290213,15,271607,0.7368451037416442,Bad,8,110582.4
59,556238,Employed,591,906765,16,145408,0.26141327992693775,Average,3,166871.4
45,745373,Self-employed,471,975737,7,27534,0.036939894522608145,Average,4,223611.9
40,26695,Unemployed,376,86811,21,134441,5.036186551788725,Good,1,8008.5
22,354888,Employed,678,192121,11,375440,1.0579112283311918,Average,5,106466.4
59,851485,Employed,634,759180,14,348238,0.4089772573797542,Good,1,255445.5
26,475292,Employed,779,382172,19,351049,0.7385964838457201,Average,5,142587.6
37,34714,Unemployed,382,565466,6,288551,8.31223713775422,Bad,6,10414.199999999999
45,13562,Unemployed,308,821253,17,325696,24.015336970948237,Bad,7,4068.6
48,360439,Self-employed,520,971231,8,168011,0.466128804041738,Average,3,108131.7
22,28447,Unemployed,347,456151,22,93303,3.2798889162301825,Good,2,8534.1
55,213574,Self-employed,624,543287,5,260153,1.2180930263047,Good,0,64072.2
57,59708,Self-employed,737,457738,6,72908,1.2210759027266027,Good,1,17912.399999999998
25,600113,Self-employed,674,302856,6,125506,0.20913727914576088,Good,0,180033.9
21,352692,Self-employed,680,197623,8,285513,0.8095250246674152,Bad,7,105807.59999999999
32,237409,Self-employed,313,697532,7,269044,1.1332510561941629,Good,1,71222.7
56,618518,Employed,656,297866,21,41733,0.0674725715338923,Good,1,185555.4
43,28092,Unemployed,317,799057,18,350380,12.472590061227395,Good,1,8427.6
51,896262,Employed,537,200237,6,238841,0.2664856927996501,Good,1,268878.6
31,430658,Self-employed,684,996013,20,132661,0.3080425767082,Bad,8,129197.4
30,26699,Unemployed,343,533147,15,323188,12.104872841679464,Average,3,8009.7
23,780382,Employed,534,961113,17,202671,0.25970742533784735,Average,5,234114.6
34,178182,Employed,718,962811,5,348697,1.9569709622745284,Good,0,53454.6
36,927427,Self-employed,607,637274,6,215982,0.23288301936432731,Good,0,278228.1
30,154926,Employed,751,758942,6,351579,2.2693350373726813,Average,3,46477.799999999996
49,340279,Employed,755,285983,9,50008,0.14696175785164528,Bad,8,102083.7
30,956570,Employed,707,291360,8,67794,0.07087196964153172,Bad,9,286971.0
32,213208,Employed,630,841385,16,80134,0.3758489362500469,Bad,7,63962.399999999994
50,459791,Employed,696,479697,7,397082,0.8636141203285841,Bad,7,137937.3
21,125787,Self-employed,325,455809,14,316034,2.512453592183612,Bad,8,37736.1
25,225782,Self-employed,753,991579,22,378403,1.6759661974825273,Bad,7,67734.59999999999
40,948138,Employed,685,51522,14,292548,0.30855002119944563,Bad,6,284441.39999999997
28,804203,Self-employed,350,232233,5,328367,0.40831357256812023,Bad,9,241260.9
32,940802,Self-employed,304,400102,10,263781,0.2803788682422019,Bad,9,282240.6
21,38356,Unemployed,459,375393,15,222224,5.79372197309417,Good,1,11506.8
40,757247,Employed,756,9485,6,366330,0.4837655348915215,Bad,7,227174.1
48,460884,Self-employed,310,426671,11,278972,0.6052976453945027,Good,1,138265.19999999998
57,501564,Self-employed,307,769344,22,185616,0.3700744072541092,Average,3,150469.19999999998
57,598728,Employed,531,936271,23,102976,0.17199128819764567,Good,1,179618.4
32,11683,Unemployed,430,114701,8,46097,3.945647522040572,Average,4,3504.9
57,350739,Employed,627,947957,17,114271,0.3258006665925375,Good,1,105221.7
48,33371,Unemployed,361,209352,22,295166,8.844985166761559,Average,5,10011.3
35,35914,Employed,744,628926,17,33202,0.9244862727627109,Good,2,10774.199999999999
26,319324,Employed,604,186514,23,29704,0.09302150793551377,Good,1,95797.2
40,896651,Employed,780,447093,21,92411,0.10306239551397367,Average,5,268995.3
34,257561,Employed,688,800658,5,130688,0.5074060125562488,Bad,8,77268.3
22,34677,Unemployed,473,619693,10,24641,0.7105862675548634,Bad,6,10403.1
29,18453,Unemployed,435,811020,23,300623,16.29128055058798,Bad,9,5535.9
57,683063,Self-employed,748,212048,5,210843,0.30867284569651704,Bad,8,204918.9
40,124799,Employed,581,689069,12,285171,2.285042348095738,Bad,8,37439.7
46,21078,Unemployed,387,967292,21,306056,14.520163203339976,Good,1,6323.4
49,20536,Unemployed,426,39019,19,371371,18.08390144137125,Bad,9,6160.8
21,12410,Unemployed,354,964452,22,203546,16.40177276390008,Good,0,3723.0
55,209340,Employed,555,263497,11,129773,0.6199149708608006,Average,3,62802.0
26,762262,Self-employed,718,591421,20,110658,0.1451705581545453,Bad,6,228678.6
57,25567,Unemployed,396,902876,11,43692,1.7089216568232488,Bad,8,7670.099999999999
25,729023,Employed,507,723818,21,99884,0.1370107664641582,Bad,7,218706.9
53,10813,Unemployed,313,381747,8,33209,3.071210579857579,Bad,6,3243.9
34,39269,Unemployed,352,160598,16,189635,4.829127301433701,Good,0,11780.699999999999
32,46190,Self-employed,682,992997,17,319882,6.925351807750595,Good,2,13857.0
40,21498,Unemployed,433,654873,8,300386,13.972741650386082,Good,0,6449.4
44,30568,Unemployed,343,447414,5,108966,3.564708191572887,Average,4,9170.4
54,883009,Employed,771,771460,5,169899,0.1924091373927106,Good,0,264902.7
45,715459,Employed,800,494750,11,178297,0.24920645347951456,Bad,7,214637.69999999998
49,438855,Self-employed,531,831827,13,169168,0.38547584053958595,Average,4,131656.5
59,315626,Employed,592,419247,5,182618,0.5785898500123564,Average,4,94687.8
51,478477,Employed,717,470758,20,329601,0.6888544276945391,Bad,8,143543.1
43,485533,Self-employed,652,652102,22,392401,0.8081860553247668,Bad,8,145659.9
58,8065,Unemployed,346,957205,19,331453,41.09770613763174,Bad,7,2419.5
40,415140,Self-employed,769,376743,10,87496,0.21076263429204606,Bad,7,124542.0
43,90204,Employed,576,27939,6,162340,1.7996984612655758,Good,0,27061.2
36,253827,Self-employed,820,968649,13,217426,0.8565913003738767,Average,3,76148.09999999999
28,21407,Unemployed,314,939828,8,237109,11.076236744989956,Bad,9,6422.099999999999
41,415275,Self-employed,824,155939,17,111078,0.26748058515441575,Good,0,124582.5
21,810634,Employed,671,788635,15,265009,0.3269157227552755,Bad,8,243190.19999999998
28,101524,Employed,826,936048,17,97242,0.9578227808202987,Good,0,30457.199999999997
49,523855,Self-employed,784,935403,15,292031,0.5574653291464241,Bad,9,157156.5
52,13680,Unemployed,421,817495,23,359191,26.256652046783625,Bad,9,4104.0
58,287187,Self-employed,463,617168,12,165551,0.5764571516120158,Bad,7,86156.09999999999
25,7419,Unemployed,360,530036,11,129863,17.504111066181427,Good,1,2225.7
42,22140,Unemployed,425,238094,20,41478,1.8734417344173442,Bad,8,6642.0
54,181282,Self-employed,556,381413,7,160574,0.8857691331737293,Good,2,54384.6
21,17961,Unemployed,367,986133,21,251840,14.021491008295753,Good,0,5388.3
46,167559,Employed,776,869196,22,374894,2.237385040493199,Average,5,50267.7
30,591400,Self-employed,690,153956,19,276538,0.467598917822117,Good,1,177420.0
50,21360,Unemployed,302,158255,21,230766,10.803651685393259,Good,1,6408.0
38,787739,Employed,806,466462,15,141334,0.17941729430687067,Good,2,236321.69999999998
37,350182,Self-employed,763,896468,9,5487,0.015668994979753385,Good,1,105054.59999999999
46,295161,Employed,745,676619,20,159413,0.5400882907972259,Good,2,88548.3
28,221196,Employed,622,693319,19,259432,1.1728602687209533,Average,4,66358.8
32,775658,Employed,761,904957,14,109924,0.14171709696799362,Bad,6,232697.4
47,5784,Unemployed,416,428673,18,262196,45.33125864453665,Average,5,1735.2
28,240067,Self-employed,705,349823,6,58268,0.24271557523524684,Average,5,72020.09999999999
45,822559,Self-employed,424,127829,20,30605,0.03720705748766958,Bad,8,246767.69999999998
24,14552,Unemployed,384,130216,23,72602,4.989142385926333,Good,1,4365.599999999999
53,185786,Self-employed,477,921607,12,158795,0.854719946605234,Bad,6,55735.799999999996
21,821178,Employed,826,592189,19,201180,0.24498951506250777,Good,2,246353.4
39,186417,Self-employed,338,769674,14,341350,1.8311098236748795,Bad,7,55925.1
51,20595,Unemployed,347,177607,9,94375,4.582422918184025,Average,5,6178.5
36,671404,Employed,556,411319,20,181100,0.2697332753453956,Good,1,201421.19999999998
34,28377,Unemployed,398,624334,16,357081,12.583465482609155,Average,3,8513.1
25,207043,Employed,514,354156,17,57921,0.27975348116091825,Good,1,62112.899999999994
46,40564,Employed,678,604566,13,323904,7.985011340104526,Bad,7,12169.199999999999
48,521939,Self-employed,418,276535,21,142321,0.27267745847694846,Bad,9,156581.69999999998
22,135940,Employed,536,104476,16,68847,0.5064513756068854,Bad,8,40782.0
26,22862,Unemployed,325,948405,9,98547,4.31051526550608,Bad,7,6858.599999999999
29,145777,Self-employed,307,384865,16,306983,2.105839741523011,Bad,8,43733.1
53,30544,Unemployed,303,623825,5,237149,7.764176270298585,Average,4,9163.199999999999
45,347972,Employed,648,869591,20,40673,0.11688584138953709,Average,3,104391.59999999999
33,11050,Unemployed,476,987418,16,4642,0.4200904977375566,Good,1,3315.0
29,26034,Unemployed,468,919472,13,314905,12.095913036798033,Average,5,7810.2
33,300628,Employed,684,183429,17,10622,0.035332703540588366,Good,1,90188.4
51,327089,Self-employed,730,219980,21,49423,0.15109954782948984,Good,1,98126.7
31,36323,Unemployed,360,505551,21,43873,1.207857280510971,Average,3,10896.9
24,911037,Employed,823,957941,8,236616,0.25972161394103643,Average,5,273311.1
54,260540,Self-employed,845,823935,18,48565,0.18640132033468948,Good,0,78162.0
58,801747,Self-employed,785,488675,23,139878,0.17446650876149208,Average,4,240524.09999999998
24,271013,Self-employed,387,77403,11,263901,0.9737577164195076,Average,3,81303.9
58,32370,Unemployed,306,960762,7,7220,0.22304603027494593,Average,4,9711.0
39,12971,Unemployed,337,953228,5,371552,28.644823066841415,Bad,7,3891.2999999999997
26,30651,Unemployed,442,590574,16,92851,3.0292975759355323,Bad,6,9195.3
54,499509,Self-employed,695,338986,19,186826,0.3740192869397749,Good,0,149852.69999999998
38,14643,Unemployed,442,106927,15,356473,24.344260055999452,Average,4,4392.9
33,689292,Employed,548,803340,14,128636,0.18662047434178838,Good,0,206787.6
43,12444,Unemployed,314,487833,6,291432,23.41947926711668,Average,3,3733.2
39,15537,Unemployed,314,445842,8,75492,4.8588530604363775,Bad,7,4661.099999999999
31,762993,Self-employed,326,301372,21,282253,0.36992868872977863,Average,5,228897.9
21,18782,Unemployed,392,25386,21,250128,13.317431583430945,Average,3,5634.599999999999
44,417688,Employed,808,179826,12,397713,0.9521772231905155,Average,3,125306.4
27,857019,Self-employed,618,506158,18,58326,0.06805683421254372,Bad,9,257105.69999999998
45,367864,Employed,680,292446,8,10864,0.02953265337189831,Bad,8,110359.2
41,27072,Self-employed,419,324959,10,225589,8.332927009456265,Bad,6,8121.599999999999
35,230075,Self-employed,342,254156,23,350706,1.5243116375095078,Good,1,69022.5
21,11057,Unemployed,303,851776,8,75310,6.811069910463959,Average,3,3317.1
32,60916,Employed,632,955122,7,382598,6.280747258519929,Bad,7,18274.8
27,704338,Self-employed,554,900035,10,244415,0.34701379167388385,Good,2,211301.4
35,28259,Unemployed,379,471450,11,284161,10.055592908453944,Bad,9,8477.699999999999
41,608688,Self-employed,801,325258,18,396037,0.6506403937649502,Average,5,182606.4
39,640869,Self-employed,554,250724,16,51337,0.08010529452977129,Good,2,192260.69999999998
49,112009,Self-employed,541,203202,20,84557,0.7549125516699551,Bad,6,33602.7
45,166940,Self-employed,598,27525,12,188460,1.1289085899125435,Bad,8,50082.0
53,814716,Self-employed,752,81818,6,11372,0.01395823820816088,Good,0,244414.8
52,74000,Self-employed,511,116589,17,101050,1.3655405405405405,Good,0,22200.0
55,34265,Unemployed,382,147406,12,357082,10.421187800963082,Good,0,10279.5
58,789514,Self-employed,628,621003,20,334477,0.4236492323125366,Good,2,236854.19999999998
46,901011,Employed,755,195839,8,279427,0.3101260694930473,Good,2,270303.3
31,6502,Unemployed,348,795076,20,41857,6.437557674561673,Bad,6,1950.6
55,881856,Employed,562,365298,10,314916,0.35710592205530156,Good,2,264556.8
28,862398,Self-employed,706,508453,8,191742,0.22233585884939436,Good,0,258719.4
34,450641,Employed,604,952437,20,205205,0.45536247256685475,Average,5,135192.3
30,774640,Self-employed,314,259438,17,96856,0.12503356397810597,Bad,7,232392.0
22,404022,Self-employed,558,831901,9,189226,0.468355683601388,Average,5,121206.59999999999
29,22106,Unemployed,455,428903,19,269251,12.179996381073012,Bad,8,6631.8
23,14474,Unemployed,401,895041,12,223368,15.43236147574962,Bad,8,4342.2
41,254091,Self-employed,344,447872,11,298705,1.1755827636555407,Bad,6,76227.3
46,15170,Unemployed,344,412591,18,208746,13.76044825313118,Good,0,4551.0
28,531498,Employed,830,509235,11,167340,0.31484596367248796,Average,4,159449.4
22,30792,Unemployed,308,515951,11,14138,0.4591452325279293,Bad,7,9237.6
26,12232,Unemployed,430,329350,22,257697,21.067446043165468,Bad,9,3669.6
48,609054,Employed,781,884894,14,215072,0.35312468188370816,Bad,7,182716.19999999998
49,21052,Unemployed,458,693967,22,125143,5.944470834125024,Average,3,6315.599999999999
46,535201,Self-employed,329,609466,18,153320,0.28647181152501583,Bad,7,160560.3
45,647737,Employed,827,943497,14,234829,0.36253757311995455,Average,4,194321.1
32,567667,Self-employed,516,701746,11,281776,0.4963755159274716,Average,5,170300.1
25,292463,Employed,604,780754,11,48547,0.16599364705962805,Good,1,87738.9
54,9791,Self-employed,629,441503,11,275244,28.111939536308856,Bad,9,2937.2999999999997
57,210459,Self-employed,346,88724,9,311074,1.4780741141980147,Bad,8,63137.7
35,28126,Unemployed,352,755492,5,208977,7.430029154518951,Average,3,8437.8
56,867132,Self-employed,613,98393,18,316169,0.36461461461461464,Average,3,260139.59999999998
35,29509,Unemployed,371,915746,22,79944,2.709139584533532,Good,2,8852.699999999999
43,778005,Employed,639,602600,17,92641,0.11907507021163104,Bad,9,233401.5
26,224162,Self-employed,328,863756,12,97920,0.43682693766115577,Average,4,67248.59999999999
41,459926,Self-employed,800,597484,12,395677,0.8603057883224693,Bad,6,137977.8
43,774700,Employed,559,596302,14,43362,0.05597263456821996,Bad,8,232410.0
36,321946,Employed,719,403426,21,291754,0.9062202978139191,Bad,9,96583.8
35,461120,Self-employed,845,668282,10,367478,0.7969248785565579,Average,3,138336.0
45,898447,Employed,588,431505,19,153067,0.17036842462604918,Bad,6,269534.1
56,19610,Unemployed,410,524313,19,270861,13.812391636919939,Average,4,5883.0
31,435737,Employed,777,35340,20,210939,0.484097058546784,Good,0,130721.09999999999
35,316172,Employed,665,303994,12,211544,0.6690788558126589,Good,2,94851.59999999999
24,305159,Self-employed,536,976488,23,65022,0.21307580638290202,Average,4,91547.7
41,26282,Unemployed,406,498915,19,185740,7.0671942774522485,Bad,9,7884.599999999999
33,205231,Employed,694,639999,7,52645,0.2565158285054402,Good,2,61569.299999999996
42,20186,Unemployed,437,741538,10,292694,14.499851382146042,Good,2,6055.8
39,36194,Unemployed,442,13094,12,397792,10.990550920041995,Average,5,10858.199999999999
54,32018,Unemployed,410,876391,20,41868,1.3076394528077957,Average,4,9605.4
34,46722,Self-employed,579,952922,19,99039,2.119750866829331,Average,3,14016.6
24,879228,Employed,723,794173,17,178452,0.20296441878557098,Average,5,263768.39999999997
47,245740,Self-employed,431,637873,19,399944,1.6275087490843982,Average,3,73722.0
49,641340,Employed,597,467590,22,295944,0.46144634671157264,Average,3,192402.0
48,428455,Employed,792,512491,17,11886,0.027741536450735783,Average,5,128536.5
55,883383,Self-employed,300,386708,12,201981,0.22864487996712637,Bad,6,265014.89999999997
28,32195,Unemployed,439,70798,18,179308,5.569436247864576,Bad,7,9658.5
36,39964,Unemployed,438,904458,15,46805,1.1711790611550394,Bad,7,11989.199999999999
56,650587,Employed,685,203604,10,295676,0.45447572730472635,Bad,9,195176.1
50,165811,Self-employed,377,112130,5,113765,0.6861125015831278,Good,0,49743.299999999996
38,36969,Unemployed,461,810596,6,29688,0.803051205063702,Bad,6,11090.699999999999
22,6816,Unemployed,431,692955,17,286233,41.99427816901409,Good,1,2044.8
33,287471,Employed,643,32257,5,34585,0.12030778756813731,Good,0,86241.3
24,885817,Employed,608,409427,8,191076,0.21570595280966612,Good,0,265745.1
46,110153,Self-employed,334,884421,6,251322,2.2815719953156064,Average,3,33045.9
45,664322,Employed,774,924736,20,251483,0.37855588103359517,Good,0,199296.6
50,29563,Unemployed,307,987257,7,3438,0.11629401616885972,Good,2,8868.9
31,35669,Unemployed,309,54691,21,356239,9.987355967366621,Good,0,10700.699999999999
27,34454,Unemployed,386,606056,9,182434,5.295002031694433,Average,4,10336.199999999999
51,29785,Unemployed,345,420829,12,149055,5.0043646130602655,Bad,8,8935.5
30,573786,Self-employed,839,540314,16,277170,0.48305465800838643,Bad,8,172135.8
59,570273,Self-employed,565,973039,16,383312,0.6721552659866414,Good,1,171081.9
33,420659,Employed,810,751450,5,314142,0.7467854010017615,Good,0,126197.7
51,308849,Employed,566,295052,5,320157,1.036613361221827,Bad,8,92654.7
27,92598,Employed,554,971617,19,52039,0.561988379878615,Bad,8,27779.399999999998
56,279383,Self-employed,842,545898,21,181903,0.6510882909840613,Bad,9,83814.9
40,37274,Unemployed,455,179718,6,166675,4.471615603369641,Bad,9,11182.199999999999
24,924800,Employed,655,500357,21,107446,0.11618295847750865,Good,0,277440.0
27,35866,Unemployed,386,327329,13,361596,10.081860257625607,Good,0,10759.8
21,924995,Employed,768,860999,16,232120,0.25094189698322694,Good,1,277498.5
33,251516,Employed,542,180646,8,330326,1.3133399068051337,Bad,8,75454.8
42,755898,Employed,805,520420,17,53147,0.07030975078648177,Average,3,226769.4
41,187723,Employed,759,224123,8,253403,1.3498772127016934,Bad,6,56316.9
42,414533,Employed,600,497236,11,76400,0.18430378281101867,Bad,7,124359.9
48,9646,Unemployed,333,824614,18,47434,4.917478747667427,Average,5,2893.7999999999997
29,360080,Employed,799,904568,13,27515,0.07641357476116419,Average,3,108024.0
46,27185,Unemployed,339,920074,5,221370,8.143093617803936,Bad,7,8155.5
29,759016,Self-employed,429,493006,5,59001,0.07773353921392961,Average,5,227704.8
35,489770,Employed,655,545576,8,190469,0.3888947873491639,Average,5,146931.0
30,10193,Unemployed,385,867256,5,193487,18.982340822132837,Average,5,3057.9
44,205144,Self-employed,389,949381,14,372735,1.8169432203720313,Bad,8,61543.2
28,967114,Self-employed,754,610713,6,225215,0.232873270369367,Bad,7,290134.2
44,500339,Self-employed,631,2917,19,308922,0.617425385588571,Average,3,150101.69999999998
36,34410,Unemployed,391,864034,7,163013,4.737372856727696,Good,2,10323.0
46,68665,Employed,585,853007,13,96849,1.4104565644797205,Average,5,20599.5
47,995631,Employed,601,860950,21,366227,0.36783406703889293,Average,3,298689.3
57,37875,Unemployed,464,779475,17,210637,5.561372937293729,Bad,9,11362.5
24,940284,Employed,590,41104,7,364420,0.3875637573328909,Good,2,282085.2
44,30279,Unemployed,378,675422,8,320052,10.570098087783613,Average,5,9083.699999999999
39,757773,Employed,600,281143,8,250708,0.3308484203052893,Good,0,227331.9
56,270953,Self-employed,663,264091,15,357192,1.3182802921539898,Bad,6,81285.9
59,851307,Employed,749,457061,11,208748,0.24520883770484678,Good,2,255392.09999999998
30,5559,Unemployed,416,405157,15,248387,44.681957186544345,Bad,6,1667.7
45,26353,Unemployed,446,587457,15,146919,5.575038895002466,Average,4,7905.9
38,51023,Self-employed,844,156542,14,179263,3.5133763204829194,Bad,9,15306.9
39,21427,Unemployed,464,131744,9,297400,13.879684510197414,Good,1,6428.099999999999
56,164511,Employed,844,899116,17,390169,2.3716894311018715,Good,2,49353.299999999996
30,772691,Employed,836,61821,16,128343,0.16609873804664477,Good,2,231807.3
53,477919,Self-employed,585,219741,14,10127,0.021189783205940754,Average,3,143375.69999999998
25,24659,Unemployed,471,251265,11,119251,4.836003082039012,Good,0,7397.7
55,250259,Self-employed,420,439651,23,160277,0.6404444994985196,Good,2,75077.7
54,837856,Employed,743,399745,23,240282,0.2867819768552114,Good,2,251356.8
53,508447,Self-employed,487,216127,23,344307,0.6771738253937972,Bad,7,152534.1
41,17300,Unemployed,390,276336,16,190836,11.030982658959537,Good,0,5190.0
37,730191,Self-employed,755,338246,19,381423,0.5223605878461937,Bad,8,219057.3
42,25927,Unemployed,319,205834,9,102824,3.965904269680256,Good,2,7778.099999999999
57,14032,Unemployed,370,760826,18,39664,2.8266818700114027,Bad,6,4209.599999999999
35,894845,Employed,783,903326,16,57795,0.06458660438399946,Bad,9,268453.5
55,667816,Employed,542,88795,15,122729,0.18377666902260503,Average,3,200344.8
48,416060,Employed,712,167159,9,164405,0.39514733451905976,Average,5,124818.0
27,11766,Unemployed,334,330821,20,245620,20.875403705592383,Bad,8,3529.7999999999997
52,253342,Self-employed,601,661987,22,37079,0.14635946664982513,Bad,8,76002.59999999999
31,25221,Unemployed,314,976045,16,85225,3.379128504024424,Average,3,7566.299999999999
30,981937,Employed,560,245877,9,25259,0.025723646221702614,Bad,9,294581.1
29,842146,Employed,819,201298,20,289715,0.34401992053634406,Average,5,252643.8
34,138624,Self-employed,607,500843,16,52119,0.3759738573407202,Average,5,41587.2
33,731347,Employed,824,922759,6,271153,0.37075834043210676,Good,2,219404.1
45,190322,Employed,748,714793,10,111210,0.5843255115015605,Good,1,57096.6
22,881118,Employed,838,138285,8,324973,0.36881893231099583,Average,4,264335.39999999997
55,387465,Self-employed,471,104412,17,301374,0.77780960860981,Average,3,116239.5
27,20295,Unemployed,377,545692,14,112364,5.5365360926336535,Bad,8,6088.5
41,302667,Employed,553,118545,21,319193,1.0546012614523552,Average,5,90800.09999999999
38,543057,Self-employed,719,420596,18,364906,0.6719478802409323,Average,3,162917.1
23,205717,Employed,619,224128,19,386417,1.8783911878940487,Good,0,61715.1
59,460358,Self-employed,708,676533,12,382610,0.8311140460250501,Average,3,138107.4
31,710917,Employed,803,710387,22,168570,0.23711628783669542,Bad,8,213275.1
59,346926,Self-employed,521,812421,7,120053,0.34604786035062235,Average,4,104077.8
44,998212,Employed,657,787945,21,358162,0.3588035407308267,Good,0,299463.6
39,18470,Unemployed,420,372250,11,295939,16.022685435841908,Good,2,5541.0
24,672931,Employed,734,288663,17,114812,0.17061481786394148,Good,0,201879.3
46,667165,Self-employed,704,783163,20,86411,0.12951968403618294,Good,2,200149.5
58,944688,Employed,664,810871,9,302335,0.32003687990108903,Average,3,283406.39999999997
52,13080,Unemployed,346,382714,8,186525,14.260321100917432,Bad,9,3924.0
59,381444,Employed,558,996453,14,13453,0.035268610857688155,Bad,8,114433.2
56,366013,Self-employed,641,16995,17,121848,0.3329062082494338,Bad,6,109803.9
57,150931,Self-employed,802,25559,14,377309,2.499877427433728,Average,4,45279.299999999996
53,36749,Unemployed,352,523244,18,50993,1.3876023837383331,Average,3,11024.699999999999
56,233495,Self-employed,560,353193,16,373924,1.6014218719886935,Average,3,70048.5
23,759672,Employed,673,400237,5,46706,0.0614817974073021,Bad,7,227901.6
29,755223,Employed,769,624288,11,174889,0.23157266131990153,Average,3,226566.9
28,471259,Employed,721,678479,13,92434,0.19614267313727696,Average,4,141377.69999999998
53,963515,Self-employed,415,446755,12,187782,0.19489265865087727,Good,2,289054.5
26,128841,Employed,552,490051,17,51799,0.40203817107908196,Good,1,38652.299999999996
59,734364,Employed,528,827782,18,120586,0.16420467234232614,Bad,9,220309.19999999998
24,190786,Employed,802,441439,16,61964,0.32478274087197173,Good,1,57235.799999999996
33,6415,Unemployed,322,27517,12,203222,31.679189399844116,Good,2,1924.5
22,924156,Self-employed,718,473869,22,360523,0.3901105441072719,Good,1,277246.8
25,484198,Self-employed,608,417466,20,192510,0.39758528535846904,Average,4,145259.4
47,270954,Self-employed,485,217558,15,110987,0.4096156543177071,Good,2,81286.2
52,39319,Unemployed,316,478111,20,325070,8.267504260026959,Good,0,11795.699999999999
41,818215,Self-employed,523,877564,18,4801,0.005867650923045899,Good,0,245464.5
28,14471,Unemployed,479,486282,7,303288,20.95833045401147,Average,4,4341.3
58,11163,Unemployed,411,462014,6,357622,32.036370151392994,Bad,6,3348.9
28,853503,Self-employed,767,449415,7,142220,0.16663093158430609,Average,3,256050.9
23,795550,Employed,709,519039,8,113364,0.14249764313996607,Average,4,238665.0
23,375600,Employed,557,847978,9,345963,0.9210942492012779,Good,2,112680.0
42,253924,Self-employed,520,523396,14,151933,0.5983404483231203,Bad,6,76177.2
26,810586,Self-employed,531,107686,6,154552,0.19066699893657182,Good,1,243175.8
22,25229,Unemployed,407,614439,16,19637,0.7783503111498672,Good,2,7568.7
43,779758,Self-employed,673,267471,9,307765,0.39469296884417987,Bad,9,233927.4
22,26101,Unemployed,499,646606,9,48431,1.8555227769050995,Bad,6,7830.299999999999
58,211935,Self-employed,319,949272,5,100937,0.47626394885224244,Average,5,63580.5
37,256293,Employed,513,721778,8,319316,1.2459021510536767,Bad,9,76887.9
55,196020,Employed,795,489602,16,26437,0.134868890929497,Average,4,58806.0
54,305065,Self-employed,507,700148,16,24119,0.07906183928015341,Average,5,91519.5
43,33460,Unemployed,498,642233,20,178189,5.325433353257621,Good,2,10038.0
50,444287,Employed,570,215456,21,231389,0.5208097468528227,Good,1,133286.1
28,31189,Unemployed,377,310974,14,331979,10.644105293532977,Good,0,9356.699999999999
42,741427,Self-employed,588,54446,21,231882,0.3127509518806302,Bad,6,222428.1
56,453032,Self-employed,719,410376,21,258157,0.569842748415123,Bad,8,135909.6
25,369974,Employed,659,713943,22,399019,1.0785055166038695,Average,5,110992.2
33,550007,Self-employed,722,429214,6,61805,0.11237129709258246,Average,5,165002.1
49,603404,Employed,523,946734,8,19201,0.03182113476211626,Average,5,181021.19999999998
51,31325,Unemployed,369,142148,23,258636,8.256536312849162,Bad,6,9397.5
36,44551,Employed,603,595629,15,29634,0.6651702543152791,Average,4,13365.3
50,316422,Employed,553,33085,21,349965,1.1060071676432106,Average,4,94926.59999999999
36,20141,Unemployed,373,319715,16,308919,15.337818380418053,Bad,7,6042.3
32,850047,Employed,702,409931,6,389690,0.4584334748549198,Good,2,255014.09999999998
37,748111,Employed,544,526006,10,115090,0.15384080704601322,Bad,8,224433.3
36,294596,Self-employed,497,392452,13,75676,0.2568806093769094,Average,4,88378.8
32,14524,Unemployed,427,7750,9,7798,0.5369044340402093,Good,0,4357.2
28,172770,Employed,831,902363,13,78160,0.4523933553278926,Bad,7,51831.0
40,26175,Unemployed,326,342912,12,78751,3.0086341929321874,Good,0,7852.5
23,7365,Unemployed,317,513760,12,183482,24.912695179904954,Good,2,2209.5
36,914094,Employed,602,37903,10,304032,0.3326047430570598,Average,4,274228.2
50,829255,Self-employed,802,205561,7,312191,0.3764716522661907,Bad,9,248776.5
43,35540,Unemployed,416,951597,9,372784,10.48913899831176,Average,4,10662.0
48,791447,Employed,744,617324,13,365758,0.4621383364899987,Bad,8,237434.09999999998
25,36912,Unemployed,415,614242,11,46955,1.2720795405288252,Bad,9,11073.6
40,518676,Self-employed,717,514493,8,244465,0.4713250661299154,Bad,9,155602.8
21,49387,Self-employed,777,429530,11,396198,8.022313564298297,Good,0,14816.099999999999
50,283652,Self-employed,836,443441,9,165936,0.5849985193123969,Good,1,85095.59999999999
41,663537,Employed,599,871446,15,384442,0.5793829130854797,Average,4,199061.1
40,170689,Employed,504,430395,19,86490,0.5067110358605417,Bad,9,51206.7
26,38298,Self-employed,553,643593,6,302409,7.896208679304403,Bad,6,11489.4
42,306600,Employed,531,507633,17,47313,0.1543150684931507,Good,1,91980.0
38,878108,Self-employed,336,420554,20,45350,0.05164512793414933,Bad,7,263432.39999999997
28,840672,Employed,841,487651,11,147450,0.1753953979673404,Average,5,252201.59999999998
59,276372,Self-employed,482,202753,12,372312,1.3471408102123226,Bad,9,82911.59999999999
52,16920,Unemployed,308,34101,10,250406,14.799408983451537,Bad,6,5076.0
53,461791,Self-employed,761,4775,11,249179,0.5395925862565533,Good,1,138537.3
36,338869,Self-employed,691,637785,22,201887,0.5957670958393951,Bad,7,101660.7
32,719270,Employed,518,492399,11,291068,0.4046714029502134,Average,5,215781.0
58,234222,Employed,719,47619,7,345737,1.4761081367249873,Average,4,70266.59999999999
54,142557,Employed,732,965342,9,380634,2.670047770365538,Average,5,42767.1
34,572301,Employed,750,254388,5,8312,0.014523825749037657,Average,4,171690.3
56,921641,Employed,781,414755,19,293497,0.3184504595607183,Good,2,276492.3
53,755735,Employed,545,759634,7,114744,0.1518309989612761,Bad,6,226720.5
43,35203,Unemployed,345,845556,12,232745,6.611510382637843,Good,0,10560.9
22,953170,Self-employed,825,67149,13,218522,0.22925815961475918,Average,4,285951.0
41,708060,Self-employed,302,28616,19,279336,0.39450893992034575,Bad,7,212418.0
22,604067,Self-employed,680,999159,14,149522,0.24752552283107668,Good,2,181220.1
47,11998,Unemployed,445,748055,6,137504,11.4605767627938,Bad,9,3599.4
29,461610,Self-employed,810,187639,9,189297,0.4100799376096705,Average,5,138483.0
21,16596,Unemployed,375,694459,23,359692,21.67341528079055,Average,3,4978.8
31,17974,Unemployed,413,208903,17,99991,5.563091131634583,Bad,7,5392.2
23,32897,Unemployed,358,233318,15,79711,2.423047694318631,Bad,8,9869.1
43,79442,Self-employed,614,850231,5,197676,2.488305933888875,Average,3,23832.6
46,7654,Unemployed,440,354365,19,142367,18.600339691664487,Good,0,2296.2
24,132309,Self-employed,412,903311,22,7774,0.05875639601236499,Average,5,39692.7
38,518644,Self-employed,661,289623,20,116107,0.22386646717208722,Bad,7,155593.19999999998
26,584840,Employed,788,965676,13,144262,0.2466691744750701,Good,0,175452.0
55,433552,Employed,834,363309,5,208397,0.4806735985533454,Average,5,130065.59999999999
42,39831,Unemployed,343,57863,15,229552,5.763149305817077,Bad,9,11949.3
35,23361,Unemployed,419,175115,13,73427,3.1431445571679295,Bad,6,7008.3
42,79469,Self-employed,689,871001,15,88513,1.1138053832311972,Bad,7,23840.7
57,30816,Unemployed,442,497654,17,327158,10.616497923156802,Good,2,9244.8
32,20619,Unemployed,355,505323,6,227959,11.055773800863282,Good,1,6185.7
58,621767,Self-employed,495,410624,18,207924,0.3344082268759841,Good,1,186530.1
38,16741,Unemployed,461,779635,10,318400,19.019174481811124,Good,0,5022.3
55,13798,Unemployed,355,715340,12,260549,18.88309899985505,Bad,9,4139.4
50,841127,Self-employed,530,280495,22,250652,0.29799542756325736,Bad,7,252338.09999999998
44,759547,Self-employed,820,137203,20,99743,0.13131906254649153,Good,0,227864.1
50,706542,Employed,699,249908,16,190702,0.2699089367652595,Good,2,211962.6
34,933589,Self-employed,320,833257,15,247968,0.2656072425874769,Bad,8,280076.7
26,487291,Employed,640,799781,10,354334,0.7271507169227422,Average,3,146187.3
23,23170,Unemployed,431,194003,7,314859,13.589080707811826,Average,3,6951.0
36,289243,Self-employed,733,832686,18,8466,0.029269506954360175,Bad,6,86772.9
27,134394,Self-employed,377,826657,6,258575,1.9240070241231007,Good,1,40318.2
34,278949,Self-employed,584,499599,15,280781,1.0065675087560808,Good,2,83684.7
29,13744,Unemployed,325,276597,7,393568,28.635622817229336,Bad,9,4123.2
35,652129,Employed,757,676174,22,69745,0.1069496986025771,Average,5,195638.69999999998
41,15679,Unemployed,313,675623,5,37317,2.3800625039862235,Bad,7,4703.7
55,34829,Unemployed,427,603982,5,181838,5.220879152430446,Bad,6,10448.699999999999
22,279535,Self-employed,394,542023,16,135150,0.48348149605595003,Bad,8,83860.5
47,291968,Employed,716,935334,19,233866,0.8009987395879,Good,1,87590.4
22,39364,Unemployed,311,836325,9,4543,0.115410019306981,Good,0,11809.199999999999
55,778360,Self-employed,312,702033,10,385934,0.4958296932010895,Good,2,233508.0
38,32794,Unemployed,471,915438,20,52052,1.5872415685796182,Average,3,9838.199999999999
34,12919,Unemployed,388,746822,16,23064,1.7852774982583792,Bad,7,3875.7
40,506854,Self-employed,592,571354,16,73287,0.14459193377185542,Bad,8,152056.19999999998
38,695200,Self-employed,571,757675,7,81442,0.11714902186421174,Average,3,208560.0
30,363304,Employed,665,136445,6,121550,0.3345682954220157,Good,0,108991.2
45,38706,Unemployed,386,405551,11,15425,0.39851702578411613,Bad,6,11611.8
22,673301,Self-employed,790,943245,6,314625,0.46728729052830753,Average,4,201990.3
45,711443,Self-employed,440,799124,11,78347,0.11012407178087352,Good,0,213432.9
53,574611,Employed,602,966799,15,73317,0.12759414630071475,Good,2,172383.3
56,811537,Employed,562,571829,15,51530,0.06349679681887578,Bad,8,243461.09999999998
51,306951,Self-employed,605,167129,18,344243,1.1214917038875911,Good,0,92085.3
34,342499,Employed,539,593271,7,289032,0.8438915150117227,Average,4,102749.7
21,642703,Self-employed,819,676943,18,159563,0.24826864041400148,Good,2,192810.9
36,12904,Unemployed,333,155837,15,153748,11.914755114693119,Bad,8,3871.2
23,785947,Employed,727,716647,8,328980,0.4185778430352174,Average,5,235784.1
55,29251,Unemployed,356,943410,21,169535,5.795870226658917,Good,0,8775.3
26,30058,Unemployed,473,909179,20,373622,12.430035265154036,Good,2,9017.4
45,8093,Unemployed,386,873535,7,312134,38.5683924379093,Good,0,2427.9
33,995247,Self-employed,472,737035,14,87544,0.08796208378422643,Average,3,298574.1
54,14394,Unemployed,385,179597,19,64627,4.489856884813117,Good,0,4318.2
28,31974,Unemployed,312,695590,12,247037,7.726183774316632,Bad,9,9592.199999999999
41,37283,Unemployed,383,414736,22,226942,6.087010165490974,Average,3,11184.9
54,935784,Self-employed,763,480454,7,129345,0.13822099971788362,Average,3,280735.2
24,32453,Unemployed,392,447150,11,73843,2.275382861368749,Good,2,9735.9
45,7913,Unemployed,306,289710,14,30251,3.8229495766460255,Average,3,2373.9
35,186837,Employed,792,861625,13,231765,1.240466288797187,Bad,9,56051.1
24,524676,Self-employed,525,498440,18,75418,0.14374204270826185,Average,3,157402.8
32,5597,Unemployed,432,425350,18,315764,56.416651777738075,Bad,6,1679.1
52,648943,Employed,677,405561,15,11040,0.017012279969119012,Good,0,194682.9
52,274289,Self-employed,801,778372,5,177950,0.6487682699634327,Average,3,82286.7
48,833155,Self-employed,826,647303,8,14162,0.01699803758004213,Bad,9,249946.5
33,927334,Self-employed,678,174257,10,66435,0.07164085432001846,Good,0,278200.2
51,421968,Self-employed,549,772824,9,262989,0.6232439426686384,Bad,8,126590.4
34,741664,Self-employed,424,226021,7,119504,0.1611295681063123,Average,3,222499.19999999998
40,728056,Self-employed,436,657244,6,337811,0.4639904073313042,Average,3,218416.8
38,25133,Unemployed,449,597032,7,391802,15.589145744638524,Bad,8,7539.9
49,27870,Unemployed,476,297599,13,6037,0.21661284535342662,Good,2,8361.0
26,7368,Unemployed,353,510433,23,323670,43.92915309446254,Good,1,2210.4
52,34203,Unemployed,332,947522,23,351058,10.263953454375347,Good,2,10260.9
49,559896,Employed,599,318363,21,146765,0.2621290382499607,Good,2,167968.8
22,27485,Unemployed,376,834423,22,355306,12.927269419683464,Bad,6,8245.5
43,932366,Self-employed,691,599904,15,60090,0.06444893957952134,Average,4,279709.8
39,15412,Unemployed,406,613726,16,396667,25.737542174928628,Bad,9,4623.599999999999
51,11344,Unemployed,419,118841,7,66560,5.867418899858956,Average,3,3403.2
25,219601,Self-employed,310,666846,22,352696,1.606076475061589,Average,4,65880.3
39,33415,Unemployed,311,171934,10,279588,8.367140505760887,Bad,9,10024.5
54,24323,Unemployed,377,779022,11,303587,12.481478436048185,Bad,9,7296.9
30,8679,Unemployed,349,585158,5,148578,17.11925337020394,Good,0,2603.7
45,594596,Employed,772,88694,10,360373,0.6060804310826174,Average,5,178378.8
22,8996,Unemployed,478,239068,22,375458,41.7361049355269,Good,2,2698.7999999999997
31,534983,Self-employed,808,832288,17,25248,0.047194022987646335,Good,1,160494.9
51,587787,Self-employed,618,103407,23,174762,0.2973219890878839,Bad,6,176336.1
35,32467,Unemployed,480,495960,11,390665,12.03267933594111,Good,0,9740.1
29,11764,Unemployed,316,557667,23,244824,20.81128867732064,Good,2,3529.2
43,36923,Unemployed,357,853161,13,69008,1.8689705603553342,Good,2,11076.9
39,887143,Self-employed,759,423594,7,323453,0.36460074644110363,Bad,7,266142.89999999997
29,248772,Self-employed,668,238500,16,44237,0.17782145900664062,Good,2,74631.59999999999
55,86440,Employed,706,580641,22,390111,4.513084220268394,Good,1,25932.0
41,681809,Employed,569,707356,12,271248,0.3978357575215346,Bad,9,204542.69999999998
29,675615,Employed,519,802463,13,84230,0.12467159550927673,Bad,7,202684.5
48,954192,Self-employed,614,213144,17,353410,0.3703761926320908,Bad,7,286257.6
27,846196,Employed,714,592270,12,35980,0.04251969992767633,Average,4,253858.8
36,8216,Unemployed,356,38683,14,262057,31.89593476144109,Bad,9,2464.7999999999997
36,33242,Unemployed,428,116091,21,75990,2.2859635400998735,Average,5,9972.6
53,173204,Self-employed,753,119797,11,171632,0.9909239971363248,Bad,7,51961.2
24,94186,Employed,505,412834,21,272698,2.8953135285498908,Bad,8,28255.8
24,9960,Unemployed,393,532875,22,354193,35.56154618473896,Bad,7,2988.0
59,242677,Self-employed,782,326934,6,178059,0.73372837145671,Average,5,72803.09999999999
37,61126,Employed,637,295624,7,163057,2.667555541013644,Good,1,18337.8
57,27578,Unemployed,446,755890,23,49167,1.7828341431575894,Bad,8,8273.4
59,922466,Employed,586,677887,5,248605,0.26950044771297804,Average,3,276739.8
49,323531,Self-employed,341,287713,14,172500,0.5331792007566508,Bad,9,97059.3
56,96266,Employed,556,799583,18,330382,3.4319697504830367,Good,1,28879.8
58,298601,Self-employed,495,466310,17,247150,0.8276931423538434,Average,4,89580.3
59,478247,Employed,665,192246,13,194795,0.407310448366639,Bad,6,143474.1
57,13303,Unemployed,498,571027,10,18038,1.3559347515597986,Bad,6,3990.8999999999996
55,374841,Self-employed,325,559242,10,398487,1.063082747084764,Bad,9,112452.3
27,404769,Self-employed,830,770223,23,290541,0.7177945939535884,Good,1,121430.7
47,101008,Self-employed,616,111373,14,75491,0.747376445430065,Average,5,30302.399999999998
48,756547,Employed,605,954807,7,30602,0.040449568896578796,Bad,7,226964.1
42,356380,Employed,805,560988,22,55471,0.15565127111510185,Bad,8,106914.0
34,8535,Unemployed,380,125728,23,194222,22.755946104276507,Average,3,2560.5
27,112157,Self-employed,695,987072,9,360225,3.211792398156156,Good,2,33647.1
57,206225,Self-employed,563,855220,15,24116,0.11694023518002182,Good,1,61867.5
42,242628,Employed,777,597333,14,269818,1.1120645597375407,Good,0,72788.4
25,141889,Employed,693,433058,21,268590,1.8929585802986841,Good,0,42566.7
22,31562,Unemployed,353,671260,8,125809,3.986090868766238,Good,1,9468.6
47,35164,Unemployed,393,916424,22,283904,8.073711750654079,Bad,7,10549.199999999999
41,31049,Employed,533,868491,22,2963,0.09542980450256047,Bad,9,9314.699999999999
58,310415,Self-employed,437,528169,5,371425,1.1965433371454344,Bad,6,93124.5
35,5815,Unemployed,482,952541,18,208074,35.78228718830611,Average,5,1744.5
41,123034,Employed,741,921134,12,159334,1.2950403953378742,Good,2,36910.2
30,739173,Employed,667,809221,6,6177,0.008356636403115373,Average,5,221751.9
43,477694,Self-employed,380,390227,23,12160,0.02545562640518826,Good,1,143308.19999999998
59,540708,Employed,561,90059,19,366020,0.6769272879262005,Good,0,162212.4
25,34694,Employed,598,740854,6,8543,0.2462385426874964,Average,5,10408.199999999999
21,6934,Unemployed,352,834583,8,370355,53.41145082203634,Bad,6,2080.2
33,225543,Employed,691,444136,5,40278,0.17858235458426996,Average,5,67662.9
41,603374,Employed,579,635676,23,217907,0.36114748066704894,Bad,6,181012.19999999998
46,11159,Unemployed,403,200303,14,149293,13.378707769513397,Good,1,3347.7
41,951662,Self-employed,801,513162,5,397539,0.41773129535486336,Bad,9,285498.6
38,628756,Self-employed,746,475573,19,315249,0.5013852750510532,Good,1,188626.8
57,10594,Unemployed,456,267406,8,239913,22.64612044553521,Good,1,3178.2
52,11820,Unemployed,470,331125,11,339295,28.705160744500844,Bad,8,3546.0
56,264925,Self-employed,670,909383,11,256980,0.9700103802963103,Good,1,79477.5
37,545479,Self-employed,589,911531,22,330112,0.6051782011773139,Bad,7,163643.69999999998
55,37175,Self-employed,567,83972,17,238031,6.402985877605918,Average,4,11152.5
31,441374,Self-employed,554,339629,14,326974,0.7408093816128726,Good,0,132412.19999999998
41,397544,Self-employed,676,56722,12,337111,0.8479841225122251,Good,0,119263.2
46,18142,Unemployed,401,877931,14,140402,7.739058538198655,Average,3,5442.599999999999
24,540559,Employed,726,183890,18,176225,0.326005116925257,Good,0,162167.69999999998
54,251464,Self-employed,602,949436,18,271755,1.0806914707473039,Average,3,75439.2
38,38593,Self-employed,688,271045,15,277016,7.177881999326303,Average,3,11577.9
55,145064,Employed,617,119473,10,312599,2.15490404235372,Good,0,43519.2
49,794932,Employed,742,494239,5,298074,0.37496792178450483,Average,4,238479.59999999998
49,451396,Employed,651,272741,23,335166,0.7425099026132265,Average,4,135418.8
58,509871,Employed,623,393775,11,63714,0.12496101955200432,Average,5,152961.3
41,991169,Employed,776,525260,22,125906,0.12702778234589662,Good,1,297350.7
33,389221,Employed,651,852341,7,371866,0.9554109362033395,Average,3,116766.3
37,30198,Unemployed,415,860823,15,329848,10.922842572355785,Bad,6,9059.4
29,539627,Employed,556,741574,9,1415,0.0026221816180435746,Bad,8,161888.1
21,320042,Employed,649,927767,23,77441,0.2419713662581786,Average,4,96012.59999999999
22,36171,Unemployed,461,327437,6,112736,3.1167509883608417,Bad,9,10851.3
49,77003,Employed,598,770184,8,71779,0.9321584873316624,Good,1,23100.899999999998
53,968750,Self-employed,813,158877,14,224628,0.23187406451612902,Average,5,290625.0
30,474655,Self-employed,700,486895,6,351588,0.7407232621588311,Good,0,142396.5
41,536220,Employed,564,538162,12,105448,0.1966506284733878,Bad,9,160866.0
48,10445,Unemployed,368,750425,5,273032,26.139971278123504,Bad,6,3133.5
31,678400,Self-employed,546,874834,10,177371,0.26145489386792453,Bad,9,203520.0
54,36153,Unemployed,392,802511,15,125790,3.479379304622023,Bad,6,10845.9
28,139411,Self-employed,620,445066,14,59765,0.42869644432648785,Good,0,41823.299999999996
42,500938,Employed,803,336923,17,194786,0.38884253141107283,Average,5,150281.4
28,9395,Unemployed,446,621696,5,16935,1.802554550292709,Good,1,2818.5
35,20290,Unemployed,435,928522,6,336146,16.567077378018727,Average,3,6087.0
37,8691,Unemployed,346,646894,7,343775,39.55528707858704,Bad,9,2607.2999999999997
43,926345,Self-employed,552,969004,13,2320,0.0025044664784718436,Bad,7,277903.5
44,330341,Self-employed,777,122062,9,309176,0.9359298421933698,Bad,7,99102.3
39,940280,Self-employed,459,14100,14,78763,0.08376547411409367,Bad,6,282084.0
25,581872,Employed,665,321165,14,301146,0.5175468144196662,Good,0,174561.6
52,402516,Self-employed,566,677160,16,39912,0.09915630683003905,Average,3,120754.79999999999
21,92601,Employed,845,392270,22,263696,2.847658232632477,Average,4,27780.3
43,35262,Unemployed,447,196472,5,21140,0.5995122227894051,Bad,8,10578.6
57,16280,Unemployed,367,880878,7,86591,5.318857493857494,Good,0,4884.0
28,189876,Employed,687,817869,9,180809,0.9522477827634878,Bad,7,56962.799999999996
33,278302,Self-employed,729,236196,21,34367,0.12348815315736143,Average,4,83490.59999999999
28,40547,Employed,637,209609,12,212706,5.245912151330555,Average,3,12164.1
43,7459,Unemployed,396,966179,21,25061,3.359833757876391,Good,2,2237.7
21,22434,Unemployed,445,677302,13,359734,16.03521440670411,Average,3,6730.2
44,199319,Employed,559,285006,10,305268,1.5315549445863164,Good,0,59795.7
55,564865,Self-employed,669,275813,21,396198,0.7014029900949784,Bad,9,169459.5
44,447900,Self-employed,451,909651,12,379466,0.8472114311230186,Bad,8,134370.0
37,551317,Employed,594,711132,11,369278,0.6698106533990427,Good,0,165395.1
25,490221,Employed,728,804348,11,298909,0.6097433606475446,Bad,6,147066.3
40,77828,Self-employed,535,275022,19,345750,4.442488564526905,Good,2,23348.399999999998
41,31785,Unemployed,341,791417,11,359566,11.312442976246658,Bad,9,9535.5
51,888899,Employed,567,493121,12,110910,0.12477233071473812,Bad,7,266669.7
56,686132,Self-employed,560,206720,13,317825,0.46321261798021374,Average,4,205839.6
31,605280,Self-employed,423,567523,19,325493,0.5377560798308221,Average,4,181584.0
35,32025,Unemployed,318,283075,6,101063,3.155753317720531,Good,1,9607.5
39,9301,Unemployed,339,94876,11,64474,6.931942801849264,Bad,7,2790.2999999999997
27,32920,Unemployed,487,526624,19,161585,4.908414337788578,Bad,9,9876.0
48,26545,Unemployed,422,831365,22,285736,10.76421171595404,Bad,6,7963.5
25,13556,Unemployed,352,309680,22,375340,27.688108586603718,Average,5,4066.7999999999997
25,142099,Employed,634,595792,14,286762,2.0180437582248993,Good,1,42629.7
50,895861,Self-employed,323,625502,22,52632,0.05875018557566408,Good,2,268758.3
52,659275,Employed,561,184220,5,10529,0.01597057373630124,Good,1,197782.5
28,769818,Employed,772,115936,11,385308,0.5005183043264771,Bad,6,230945.4
30,207171,Employed,502,18279,7,25154,0.12141660753676914,Good,1,62151.299999999996
58,680660,Employed,717,201737,18,33882,0.04977815649516645,Average,4,204198.0
52,997566,Employed,806,105751,16,45917,0.04602903467038772,Average,5,299269.8
48,27959,Unemployed,435,368577,18,83488,2.986086769913087,Good,2,8387.699999999999
37,17207,Unemployed,302,73386,8,16701,0.9705933631661533,Bad,6,5162.099999999999
51,535624,Self-employed,714,88124,17,207353,0.38712417666124,Average,5,160687.19999999998
28,309400,Employed,617,369894,20,221943,0.717333548804137,Average,5,92820.0
45,185889,Self-employed,508,865917,20,69225,0.372399657860336,Bad,8,55766.7
29,38719,Unemployed,333,338199,9,382422,9.876856323768692,Bad,9,11615.699999999999
22,35013,Unemployed,419,93911,10,184564,5.271299231713935,Good,0,10503.9
35,9722,Unemployed,312,887050,10,3988,0.41020366179798395,Average,3,2916.6
23,256884,Employed,832,472489,22,36919,0.14371856557823764,Average,3,77065.2
56,501808,Employed,588,724030,10,180498,0.3596953416446131,Good,2,150542.4
24,11655,Unemployed,346,995978,11,184239,15.807722007722008,Good,2,3496.5
34,317067,Self-employed,821,449244,20,10013,0.031580076135327866,Average,3,95120.09999999999
45,942243,Self-employed,676,223094,13,135646,0.1439607404883878,Average,5,282672.89999999997
30,35013,Unemployed,479,378036,17,230088,6.571502013537828,Bad,9,10503.9
41,909367,Self-employed,650,239723,16,8838,0.009718848385745249,Bad,8,272810.1
56,26446,Unemployed,335,335272,23,32368,1.223928004235045,Average,4,7933.799999999999
32,745749,Self-employed,668,413324,5,33228,0.04455654650559371,Average,3,223724.69999999998
47,23932,Unemployed,409,840927,12,248368,10.378071201738258,Bad,6,7179.599999999999
22,619769,Self-employed,681,84806,8,309241,0.49896170992740846,Good,2,185930.69999999998
33,240005,Employed,774,881617,23,187845,0.7826711943501177,Good,2,72001.5
52,38717,Unemployed,368,733893,9,155582,4.018441511480745,Average,4,11615.1
51,28016,Unemployed,460,232097,21,130802,4.668832095945175,Average,3,8404.8
36,478484,Self-employed,654,976334,7,301477,0.6300670450840572,Bad,6,143545.19999999998
52,31911,Unemployed,411,994144,23,267579,8.385164990128796,Average,5,9573.3
52,32621,Unemployed,323,972013,5,301562,9.244413108120536,Good,0,9786.3
54,34986,Unemployed,382,199478,5,58955,1.6851026124735609,Bad,8,10495.8
31,618613,Employed,667,489436,13,322651,0.5215716449541151,Bad,9,185583.9
30,420069,Employed,608,696879,9,52033,0.12386774553704272,Good,1,126020.7
35,62771,Self-employed,789,313793,11,218161,3.4755062050947094,Good,2,18831.3
37,700050,Employed,695,691884,10,336116,0.480131419184344,Bad,7,210015.0
38,587176,Self-employed,310,491709,21,103012,0.17543632573538429,Average,5,176152.8
29,742261,Employed,755,691245,21,48219,0.06496232457316227,Good,1,222678.3
45,691475,Self-employed,708,439585,17,166549,0.24086047940995697,Bad,7,207442.5
34,511641,Employed,758,234204,16,174793,0.3416321209598136,Average,3,153492.3
45,135474,Employed,583,359546,8,199300,1.4711309919246498,Average,5,40642.2
42,863267,Self-employed,475,819108,12,33326,0.03860451053961289,Bad,6,258980.09999999998
50,27441,Unemployed,406,852525,9,375770,13.693742939397252,Good,0,8232.3
40,29709,Unemployed,319,442980,9,174277,5.866134841293884,Average,5,8912.699999999999
41,839866,Employed,654,183871,17,394341,0.46952847239916845,Good,0,251959.8
52,103580,Self-employed,535,343558,15,329879,3.1847750530990537,Bad,6,31074.0
41,19063,Unemployed,413,500512,12,367540,19.28028117295284,Good,0,5718.9
55,760724,Self-employed,641,357239,12,17375,0.022840083920055106,Average,5,228217.19999999998
52,14429,Unemployed,455,769442,5,134783,9.341118580636218,Bad,9,4328.7
50,392476,Self-employed,793,598595,17,272326,0.6938666313354193,Average,3,117742.8
59,421825,Employed,658,477278,9,94177,0.22326083091329343,Average,3,126547.5
32,790339,Self-employed,409,883864,12,96066,0.12155037268817558,Bad,9,237101.69999999998
38,37269,Unemployed,390,296067,21,387545,10.39858863935174,Bad,6,11180.699999999999
41,451607,Employed,815,381593,17,351292,0.7778710250283986,Good,2,135482.1
33,771230,Self-employed,778,496955,13,366950,0.4757983999585078,Bad,7,231369.0
41,29686,Unemployed,423,237998,6,144992,4.8841878326483865,Good,1,8905.8
28,298718,Employed,529,473604,23,23144,0.07747775493944122,Bad,7,89615.4
27,317434,Self-employed,389,836006,21,121270,0.3820321704669317,Average,4,95230.2
43,20909,Unemployed,382,438607,11,216490,10.353914582237314,Good,0,6272.7
52,82338,Self-employed,659,648045,7,134637,1.6351745245208773,Bad,8,24701.399999999998
31,295277,Self-employed,671,579952,23,89909,0.30449035989934875,Good,0,88583.09999999999
42,633350,Employed,720,855816,23,202632,0.3199368437672693,Good,2,190005.0
42,434494,Employed,758,819459,13,131661,0.3030214456356129,Good,0,130348.2
45,30551,Unemployed,444,692824,14,296943,9.719583647016464,Average,4,9165.3
42,346543,Employed,710,298629,18,35510,0.10246924624072626,Bad,7,103962.9
48,27191,Unemployed,432,261438,22,88919,3.270162921554926,Bad,8,8157.299999999999
49,169164,Self-employed,619,152528,19,114043,0.6741564399044714,Good,0,50749.2
33,211329,Self-employed,825,470011,5,209438,0.9910518669941182,Bad,7,63398.7
38,35279,Unemployed,368,299698,10,316386,8.968111341024406,Average,5,10583.699999999999
22,468238,Self-employed,682,311066,19,47546,0.10154237802143354,Good,0,140471.4
49,255295,Employed,833,277553,10,155339,0.6084686343249965,Average,5,76588.5
41,923071,Self-employed,431,726687,22,333083,0.36084223207098914,Average,3,276921.3
35,32019,Employed,547,748760,5,384409,12.005652893594428,Bad,9,9605.699999999999
47,24703,Unemployed,316,300783,7,268041,10.850544468283205,Bad,6,7410.9
51,23030,Unemployed,463,233182,21,132235,5.741858445505862,Good,0,6909.0
35,860877,Self-employed,648,458843,20,233686,0.2714510899931117,Average,5,258263.09999999998
43,851307,Self-employed,849,808124,12,315684,0.3708227466707075,Bad,8,255392.09999999998
44,571028,Employed,739,91037,21,245367,0.42969346511904843,Good,0,171308.4
33,660077,Employed,620,736200,12,293174,0.4441512126615531,Good,1,198023.1
42,987063,Self-employed,309,711560,21,56313,0.05705106968856091,Bad,6,296118.89999999997
57,449648,Self-employed,335,750423,13,391214,0.8700450129879372,Average,5,134894.4
53,15652,Unemployed,303,190487,16,30870,1.9722719141323792,Good,0,4695.599999999999
23,28806,Unemployed,413,20074,23,379709,13.181594112337708,Bad,8,8641.8
39,14470,Unemployed,460,672909,8,125703,8.68714581893573,Good,0,4341.0
43,573596,Self-employed,763,294107,15,320399,0.5585795577375017,Bad,6,172078.8
49,943830,Self-employed,801,486672,8,355551,0.3767108483519278,Good,1,283149.0
50,632128,Self-employed,368,753722,18,118952,0.18817707806013972,Average,4,189638.4
59,38071,Unemployed,460,758967,18,261401,6.866144834651046,Good,2,11421.3
45,995755,Self-employed,716,578553,10,372540,0.37412817409905047,Bad,6,298726.5
57,815566,Employed,648,18061,21,286818,0.35167969238541086,Bad,9,244669.8
28,429986,Self-employed,547,453442,6,256545,0.5966357044182834,Bad,8,128995.79999999999
36,249413,Self-employed,395,161882,12,138662,0.555953378532795,Average,3,74823.9
28,966919,Self-employed,581,455222,8,303570,0.3139559776982353,Bad,9,290075.7
21,531657,Self-employed,695,639790,14,50584,0.09514404964102796,Bad,9,159497.1
25,233629,Self-employed,828,286944,11,219735,0.9405296431521771,Average,3,70088.7
23,138806,Employed,606,380336,8,170087,1.2253576934714638,Bad,9,41641.799999999996
21,657267,Employed,627,504175,20,74251,0.11296931079759064,Bad,6,197180.1
24,811180,Self-employed,593,258505,18,70353,0.08672920930003206,Average,4,243354.0
55,18919,Unemployed,438,633516,20,358173,18.93192029177018,Good,2,5675.7
52,322952,Self-employed,479,208548,13,83990,0.260069607867423,Bad,9,96885.59999999999
54,511775,Self-employed,534,464676,8,267744,0.523167407552147,Good,0,153532.5
45,374591,Self-employed,636,452983,10,156762,0.41848843138249453,Average,3,112377.3
30,26946,Unemployed,472,816486,5,109286,4.055741111853337,Bad,8,8083.799999999999
41,13730,Unemployed,351,470535,11,296906,21.624617625637292,Bad,8,4119.0
59,27161,Unemployed,390,498005,5,382150,14.069805971797798,Average,3,8148.299999999999
47,689285,Employed,771,702757,23,169571,0.2460099958652807,Bad,7,206785.5
47,22412,Unemployed,381,15233,12,218759,9.760797786899875,Good,1,6723.599999999999
22,904370,Employed,718,768565,7,18341,0.020280416201333525,Good,0,271311.0
33,514469,Employed,580,485236,5,96140,0.18687228968120528,Average,4,154340.69999999998
29,14797,Unemployed,414,682428,5,347218,23.465432182199095,Bad,8,4439.099999999999
56,11406,Unemployed,349,854159,11,18015,1.5794318779589689,Bad,7,3421.7999999999997
42,18965,Unemployed,465,879042,17,373324,19.684893224360664,Average,5,5689.5
46,476439,Employed,706,334597,5,125581,0.26358253627431844,Good,2,142931.69999999998
32,524790,Self-employed,602,630423,20,187269,0.3568455953810096,Good,2,157437.0
37,33783,Unemployed,460,421048,18,50849,1.5051653198354202,Average,5,10134.9
34,33287,Unemployed,484,372608,8,377863,11.351668819659327,Bad,7,9986.1
34,35436,Unemployed,432,219314,16,16852,0.47556157579862285,Good,2,10630.8
54,775692,Employed,616,539970,16,56361,0.07265899351804582,Bad,6,232707.6
40,645493,Employed,569,487514,21,374938,0.5808552532715304,Good,2,193647.9
31,142837,Self-employed,726,156455,19,153330,1.0734613580514853,Bad,6,42851.1
36,28171,Unemployed,355,322304,14,63355,2.2489439494515637,Good,2,8451.3
51,40204,Employed,588,750692,7,387917,9.64871654561735,Bad,8,12061.199999999999
26,833552,Self-employed,803,287810,16,28410,0.0340830566059466,Average,4,250065.59999999998
39,27658,Unemployed,475,322961,5,262046,9.474510087497288,Good,2,8297.4
57,589274,Employed,599,617486,5,204014,0.3462124580415902,Average,5,176782.19999999998
24,5056,Unemployed,480,429858,14,34924,6.907436708860759,Good,1,1516.8
24,37911,Unemployed,350,568118,22,375766,9.911793410883385,Good,1,11373.3
40,366239,Employed,717,498283,19,238911,0.6523363159030032,Good,0,109871.7
30,620439,Employed,554,536522,6,333975,0.5382882120563021,Bad,7,186131.69999999998
44,855177,Employed,655,583904,21,291182,0.3404932546127878,Good,0,256553.09999999998
55,15681,Unemployed,372,273365,12,236530,15.083859447739302,Average,5,4704.3
46,32579,Unemployed,486,144482,13,380080,11.666410878173057,Bad,6,9773.699999999999
57,239347,Self-employed,324,737415,15,272280,1.1375952069589341,Bad,7,71804.09999999999
58,37596,Unemployed,451,718773,10,276357,7.350702202361953,Good,2,11278.8
41,823339,Employed,559,3051,18,209680,0.254670311985707,Bad,6,247001.69999999998
59,33114,Unemployed,477,898961,5,109546,3.308147611282237,Good,0,9934.199999999999
41,351990,Self-employed,365,994805,11,28431,0.08077218102787011,Average,3,105597.0
30,696085,Self-employed,405,603206,13,43290,0.06219068073582967,Bad,8,208825.5
58,320911,Employed,675,80116,15,359959,1.1216785962463114,Bad,6,96273.3
24,578390,Employed,667,386370,20,131374,0.22713739864105534,Average,3,173517.0
40,375729,Self-employed,403,976067,23,43747,0.11643232223224718,Average,4,112718.7
37,428756,Self-employed,503,230931,6,76974,0.1795286829805297,Good,0,128626.79999999999
27,499087,Self-employed,581,308901,19,342907,0.6870685872403008,Bad,8,149726.1
24,726203,Employed,542,521385,7,201280,0.2771676790098636,Average,4,217860.9
49,532282,Self-employed,409,385152,8,130132,0.24447943007653838,Bad,8,159684.6
34,72546,Self-employed,509,525562,11,336138,4.633446365064924,Average,4,21763.8
23,370716,Employed,818,734835,16,216147,0.5830527951315833,Bad,9,111214.8
44,5048,Unemployed,414,970761,8,332159,65.80011885895404,Average,4,1514.3999999999999
57,21038,Unemployed,364,228572,14,146959,6.985407358113889,Bad,6,6311.4
36,602702,Self-employed,370,133379,10,1051,0.0017438136923388341,Good,2,180810.6
24,29070,Unemployed,499,583177,18,330839,11.38077055383557,Bad,6,8721.0
44,26996,Unemployed,437,988399,7,217643,8.062046229070974,Good,1,8098.799999999999
54,23161,Unemployed,498,228256,21,254116,10.97171970122188,Good,0,6948.3
50,7228,Unemployed,400,824376,15,291635,40.34795240730492,Good,1,2168.4
38,916198,Self-employed,547,887987,14,279224,0.30476381742811054,Bad,7,274859.39999999997
39,23790,Unemployed,425,564422,14,35880,1.5081967213114753,Bad,8,7137.0
51,29474,Unemployed,481,422539,14,192037,6.515471262807899,Good,2,8842.199999999999
39,531616,Employed,503,511421,7,374200,0.7038915307289472,Average,5,159484.8
39,235487,Self-employed,475,204834,19,48361,0.20536590130240734,Bad,9,70646.09999999999
42,716505,Employed,758,482441,21,350829,0.4896392907237214,Bad,8,214951.5
44,279434,Employed,758,229579,22,344019,1.231127922872664,Bad,6,83830.2
32,342819,Self-employed,380,552242,23,95841,0.27956735186789533,Bad,8,102845.7
50,25617,Unemployed,476,712381,23,198962,7.766795487371668,Good,2,7685.099999999999
58,851717,Employed,849,354103,16,351235,0.4123846301060094,Average,5,255515.09999999998
51,415749,Self-employed,608,753287,9,34005,0.0817921390069489,Average,4,124724.7
56,38077,Unemployed,484,737226,20,238903,6.274207526853481,Average,4,11423.1
39,657307,Self-employed,840,727787,19,261158,0.3973151054225803,Average,5,197192.1
56,404319,Employed,768,269136,19,66471,0.16440236545895692,Good,1,121295.7
50,36746,Unemployed,301,528249,10,127718,3.4756980351602897,Bad,7,11023.8
53,5015,Unemployed,393,538785,16,107379,21.411565304087738,Bad,9,1504.5
38,162029,Self-employed,432,427767,6,313872,1.937134710453067,Good,0,48608.7
48,19817,Unemployed,426,995888,13,140763,7.103143765453903,Bad,7,5945.099999999999
31,39759,Employed,804,782734,8,10756,0.2705299429060087,Good,0,11927.699999999999
53,298556,Employed,524,975259,9,124670,0.4175766020445076,Average,4,89566.8
37,400644,Employed,815,801687,12,299452,0.7474266431046016,Good,2,120193.2
26,26050,Self-employed,575,137639,14,65079,2.4982341650671787,Bad,7,7815.0
24,39721,Unemployed,432,837279,11,66524,1.67478160167166,Bad,7,11916.3
40,11840,Unemployed,353,762177,18,10327,0.8722128378378379,Bad,6,3552.0
47,36440,Unemployed,411,705363,9,175380,4.812843029637761,Average,5,10932.0
35,912604,Employed,841,22389,20,106561,0.1167658699720799,Good,0,273781.2
26,5763,Unemployed,417,177595,19,357580,62.04754468158945,Good,2,1728.8999999999999
34,669791,Employed,611,387946,9,17533,0.02617682232218707,Bad,8,200937.3
31,28457,Unemployed,490,325720,7,98417,3.4584460765365286,Good,0,8537.1
59,938109,Employed,778,832351,14,356462,0.3799792987808453,Bad,7,281432.7
29,37360,Unemployed,459,739463,9,176560,4.725910064239828,Good,2,11208.0
46,839289,Self-employed,480,5358,19,199232,0.23738187918583467,Average,4,251786.69999999998
36,164245,Self-employed,479,352679,22,41429,0.2522390331516941,Average,3,49273.5
25,876200,Employed,791,503110,12,349492,0.39887240356083087,Good,0,262860.0
30,507959,Employed,667,254557,6,336209,0.6618821597806123,Average,3,152387.69999999998
23,31639,Unemployed,390,209596,12,356540,11.269003445115207,Average,3,9491.699999999999
33,33924,Unemployed,359,780776,12,14654,0.4319655700978658,Average,5,10177.199999999999
50,471185,Self-employed,708,632270,8,396324,0.8411218523509874,Bad,9,141355.5
26,8664,Unemployed,332,230129,23,332627,38.3918513388735,Good,0,2599.2
37,713550,Employed,733,794130,22,8899,0.012471445588956626,Good,1,214065.0
39,758537,Employed,535,330953,5,145444,0.19174278907950437,Bad,7,227561.1
55,231664,Employed,631,619367,19,359053,1.549886905173009,Bad,8,69499.2
46,887411,Employed,845,57805,22,368115,0.4148190635455274,Average,3,266223.3
25,862643,Employed,508,164421,16,92724,0.10748826571362662,Good,2,258792.9
49,996261,Self-employed,600,209849,5,30295,0.030408698122279202,Bad,8,298878.3
57,371595,Self-employed,624,969752,11,343709,0.9249559332068515,Average,5,111478.5
40,919340,Employed,736,863465,23,50574,0.05501120368960341,Good,0,275802.0
41,22942,Unemployed,315,240483,5,364211,15.87529422020748,Average,4,6882.599999999999
30,852805,Employed,571,886671,11,197006,0.23100943357508458,Good,1,255841.5
25,649911,Self-employed,745,394551,6,31066,0.04780039113047786,Average,5,194973.3
56,32016,Employed,729,46041,11,215221,6.722295102448776,Good,2,9604.8
26,536562,Self-employed,688,820386,23,217168,0.404739806397024,Good,1,160968.6
46,418391,Self-employed,562,272146,17,141017,0.33704596896204747,Good,1,125517.29999999999
24,566114,Employed,564,333927,9,30418,0.05373122727931123,Good,0,169834.19999999998
59,683576,Employed,837,109524,23,83607,0.12230827296452772,Average,5,205072.8
59,9473,Unemployed,474,220306,5,50874,5.370421197086456,Bad,6,2841.9
55,421706,Self-employed,451,913289,5,375302,0.8899612526262373,Good,1,126511.79999999999
21,14481,Unemployed,372,546026,22,349401,24.128237000207168,Good,1,4344.3
44,550140,Employed,803,799135,5,131538,0.23909913840113425,Good,1,165042.0
56,350250,Self-employed,737,115776,9,214699,0.6129878658101356,Good,1,105075.0
26,24798,Unemployed,410,182494,13,213465,8.608153883377692,Average,3,7439.4
51,8536,Unemployed,498,194971,16,50635,5.9319353327085285,Bad,7,2560.7999999999997
40,10079,Unemployed,368,931896,13,258470,25.64440916757615,Bad,9,3023.7
44,641628,Employed,505,833156,22,376167,0.5862696141689577,Bad,8,192488.4
45,901643,Employed,753,820731,15,362981,0.40257729500478573,Average,4,270492.89999999997
56,721652,Employed,794,279785,5,214161,0.29676492270512655,Bad,8,216495.6
41,256749,Self-employed,685,343678,23,280548,1.092693642428987,Average,4,77024.7
50,606106,Employed,794,270449,14,73629,0.12147875124153201,Average,3,181831.8
44,542717,Self-employed,704,755622,6,14156,0.02608357578627535,Good,2,162815.1
50,12140,Unemployed,381,282926,11,50999,4.200906095551894,Average,3,3642.0
42,19901,Unemployed,409,342401,6,180431,9.066428822672227,Bad,7,5970.3
48,312635,Employed,708,238371,23,277838,0.8886976826011164,Bad,9,93790.5
27,39980,Unemployed,409,604251,10,332693,8.321485742871436,Bad,9,11994.0
55,256597,Employed,506,648275,14,189302,0.7377405035912346,Good,0,76979.09999999999
48,134101,Self-employed,733,677926,13,33799,0.2520413718018508,Good,1,40230.299999999996
34,21997,Unemployed,494,126591,12,353432,16.067281902077557,Good,0,6599.099999999999
30,686228,Employed,799,594054,15,143228,0.20871780224648367,Average,3,205868.4
36,31398,Unemployed,470,532799,13,303789,9.6754251863176,Bad,9,9419.4
36,36820,Unemployed,347,641104,13,171010,4.644486692015209,Average,5,11046.0
51,837678,Employed,581,502981,12,340758,0.4067887660891178,Average,4,251303.4
45,21254,Unemployed,488,775720,19,223686,10.524418932906746,Bad,6,6376.2
33,33618,Unemployed,383,945681,6,134387,3.9974715925992026,Good,1,10085.4
26,28580,Unemployed,347,268909,5,229339,8.02445766270119,Bad,8,8574.0
29,11608,Unemployed,489,153426,13,361513,31.1434355616816,Average,3,3482.4
56,122363,Self-employed,789,288073,13,13420,0.10967367586607063,Average,4,36708.9
40,9876,Unemployed,471,161892,17,281456,28.49898744430944,Good,0,2962.7999999999997
38,26038,Unemployed,402,113576,12,284539,10.927836239342499,Average,3,7811.4
41,917743,Employed,590,424739,9,303445,0.33064267447422646,Average,3,275322.89999999997
24,805757,Self-employed,352,597376,7,252985,0.31397183021680236,Bad,6,241727.09999999998
53,424969,Employed,847,985667,8,47972,0.1128835279749817,Good,2,127490.7
47,703356,Employed,703,79525,21,64294,0.09141032421703946,Bad,8,211006.8
27,759643,Employed,655,15780,20,81853,0.10775193084119777,Bad,7,227892.9
26,121737,Self-employed,656,270733,20,121135,0.9950549134609855,Bad,9,36521.1
35,292968,Employed,556,954316,7,83504,0.2850277163376205,Average,4,87890.4
38,794705,Employed,557,882096,10,285998,0.359879452123744,Average,3,238411.5
52,303661,Employed,679,965443,5,122373,0.4029921524331409,Good,0,91098.3
31,21876,Unemployed,456,446709,20,333924,15.264399341744378,Average,3,6562.8
40,497018,Employed,788,106188,19,369602,0.7436390633739624,Good,2,149105.4
44,783610,Self-employed,628,619614,11,320247,0.40868161457868074,Bad,6,235083.0
35,214485,Self-employed,603,829385,6,326764,1.5234818285661003,Bad,7,64345.5
27,9674,Unemployed,463,592073,14,352734,36.4620632623527,Average,3,2902.2
41,14695,Self-employed,754,545597,19,347268,23.6317114664852,Average,5,4408.5
46,298238,Self-employed,519,580483,10,307734,1.0318403422769735,Good,0,89471.4
34,27187,Unemployed,487,27901,6,363340,13.364475668518041,Average,5,8156.099999999999
57,817646,Employed,714,680936,21,73554,0.08995824598909552,Average,5,245293.8
41,30685,Unemployed,405,426724,5,118781,3.870979305849764,Average,5,9205.5
38,468055,Employed,518,469927,5,1973,0.004215316576043414,Bad,8,140416.5
25,874846,Employed,564,551752,8,250784,0.28666073800417446,Average,4,262453.8
23,948042,Self-employed,774,979785,20,241210,0.2544296560700897,Average,5,284412.6
43,12965,Unemployed,425,280404,12,321930,24.830698033166218,Bad,7,3889.5
46,65481,Self-employed,816,651285,5,105919,1.6175531833661674,Bad,7,19644.3
57,294884,Self-employed,725,299584,23,38097,0.12919317426513477,Bad,6,88465.2
44,998147,Employed,593,359226,15,122403,0.12263023382327452,Bad,6,299444.1
39,279025,Self-employed,432,894015,21,297389,1.0658148911387868,Average,5,83707.5
45,37177,Unemployed,384,582971,14,197283,5.306587406192,Average,3,11153.1
41,566465,Self-employed,511,388350,16,55841,0.09857802335537058,Average,5,169939.5
32,31119,Self-employed,458,174502,13,26346,0.8466210353803143,Good,0,9335.699999999999
53,188987,Employed,648,921491,11,106633,0.5642345769814855,Bad,8,56696.1
24,27106,Unemployed,332,509994,16,72980,2.692392828156128,Average,3,8131.799999999999
27,11553,Self-employed,773,682465,19,91417,7.912836492685883,Average,3,3465.9
42,31379,Employed,667,604772,12,340086,10.838012683641926,Average,4,9413.699999999999
53,372808,Self-employed,570,776107,21,368291,0.9878838436943413,Bad,6,111842.4
37,14088,Unemployed,310,932530,9,354119,25.136215218625782,Bad,6,4226.4
44,516030,Self-employed,364,856741,18,269116,0.5215123151754743,Bad,8,154809.0
54,283494,Self-employed,571,834359,6,311207,1.097755155311929,Average,4,85048.2
48,635685,Employed,649,208486,20,131017,0.20610365196598945,Bad,8,190705.5
59,547057,Self-employed,445,977039,21,320199,0.5853119510398368,Average,3,164117.1
42,655872,Employed,785,831378,7,235481,0.3590349946330991,Good,2,196761.6
37,7786,Unemployed,485,914935,5,143003,18.3666837914205,Bad,9,2335.7999999999997
54,131525,Self-employed,763,451777,22,139774,1.062718114426915,Bad,7,39457.5
26,24589,Unemployed,366,143449,22,85834,3.490747895400382,Average,5,7376.7
26,29524,Unemployed,317,579880,8,320594,10.858758975748543,Bad,6,8857.199999999999
54,20861,Self-employed,326,140419,19,229648,11.008484732275537,Bad,8,6258.3
21,346405,Employed,567,297920,23,66252,0.19125589988597164,Average,3,103921.5
30,7837,Unemployed,451,923287,23,47904,6.112543064948322,Average,4,2351.1
41,20911,Unemployed,408,582086,14,53320,2.5498541437520923,Average,4,6273.3
25,877521,Self-employed,561,137370,9,294144,0.3351988157548366,Good,2,263256.3
22,960759,Self-employed,536,858636,23,96341,0.10027592767801291,Average,4,288227.7
42,949854,Self-employed,665,874639,15,259596,0.2733009494090671,Bad,9,284956.2
22,868517,Self-employed,677,888788,11,265743,0.30597328549700237,Good,2,260555.09999999998
30,847388,Self-employed,675,450377,9,350780,0.4139544104943662,Average,3,254216.4
54,411122,Self-employed,375,849084,16,228117,0.5548644927782994,Good,2,123336.59999999999
36,588088,Employed,695,953988,23,216791,0.3686370067064793,Good,0,176426.4
59,32430,Unemployed,323,493830,19,188237,5.80440949737897,Bad,7,9729.0
42,229548,Employed,617,918004,16,190927,0.8317519647306881,Good,0,68864.4
32,903761,Employed,560,245767,8,235849,0.2609639052802677,Average,3,271128.3
44,585520,Self-employed,688,547210,16,1018,0.0017386254952862412,Good,0,175656.0
58,11961,Unemployed,431,429244,22,132930,11.11361926260346,Good,0,3588.2999999999997
30,463714,Employed,551,506677,21,334060,0.720400936784311,Bad,9,139114.19999999998
55,202241,Self-employed,307,415532,23,167872,0.830059186811774,Bad,6,60672.299999999996
52,30968,Self-employed,344,865428,20,382337,12.346196073366055,Average,5,9290.4
27,24830,Unemployed,406,412184,15,59770,2.4071687474828836,Bad,9,7449.0
41,33098,Employed,692,818698,6,216523,6.5418756420327515,Average,3,9929.4
40,758993,Employed,836,520895,20,237847,0.31337179657783404,Average,3,227697.9
46,330388,Employed,561,228817,5,300631,0.9099331694855746,Bad,6,99116.4
24,845765,Self-employed,721,419216,21,145015,0.17146015737231973,Good,0,253729.5
42,30208,Unemployed,323,933515,22,103342,3.4210143008474576,Bad,6,9062.4
35,14492,Unemployed,393,4866,17,62457,4.309757107369583,Good,0,4347.599999999999
41,948958,Employed,614,114669,9,281980,0.2971469759462484,Good,1,284687.39999999997
35,43575,Self-employed,420,794330,10,364294,8.360160642570282,Average,5,13072.5
42,665404,Employed,662,282539,5,274538,0.4125884425101142,Average,3,199621.19999999998
48,18074,Unemployed,441,696379,14,335302,18.551621113201282,Bad,8,5422.2
34,565815,Self-employed,636,268150,9,387804,0.6853901010047454,Good,1,169744.5
47,974506,Employed,823,691753,5,111599,0.11451853554518905,Bad,7,292351.8
48,959964,Employed,774,799388,15,288424,0.3004529336516786,Average,3,287989.2
46,938951,Self-employed,400,445258,11,125221,0.13336265683725776,Good,2,281685.3
22,22729,Unemployed,365,491415,22,250222,11.008931321219587,Bad,9,6818.7
45,60114,Self-employed,757,925582,14,78318,1.3028246331969258,Bad,6,18034.2
23,830322,Employed,758,949135,19,395375,0.4761706904068542,Average,4,249096.59999999998
28,224469,Employed,704,359820,8,333306,1.4848642797000922,Average,4,67340.7
53,977625,Employed,677,648012,20,315856,0.32308502749009077,Average,5,293287.5
55,851154,Employed,779,589189,19,261784,0.30756361363513535,Average,3,255346.19999999998
26,11439,Unemployed,493,895659,19,372722,32.583442608619634,Bad,8,3431.7
59,28211,Unemployed,450,726857,16,179728,6.370848250682358,Average,5,8463.3
43,746549,Employed,693,490029,12,138661,0.18573596642685208,Average,4,223964.69999999998
45,32796,Unemployed,418,643480,12,311385,9.494603000365899,Bad,8,9838.8
39,11007,Unemployed,334,174646,22,256667,23.31852457527028,Bad,7,3302.1
25,22776,Unemployed,328,295561,10,24233,1.063970846505093,Good,0,6832.8
31,411148,Employed,552,352164,9,167083,0.4063816435930614,Bad,8,123344.4
32,938796,Self-employed,652,347783,6,271321,0.2890095398787383,Good,2,281638.8
30,135439,Self-employed,375,460222,16,166600,1.2300740554788503,Average,3,40631.7
28,124277,Self-employed,821,96881,8,115506,0.9294237871850785,Good,2,37283.1
44,595198,Employed,616,244934,17,235818,0.39620092809451646,Good,0,178559.4
48,29855,Unemployed,474,958958,21,62351,2.088460894322559,Average,4,8956.5
56,9841,Unemployed,480,134659,20,355052,36.078853775022864,Average,4,2952.2999999999997
57,90155,Employed,794,647976,13,52827,0.5859575176085631,Average,5,27046.5
41,348457,Employed,821,503323,5,81501,0.23389112573430867,Good,1,104537.09999999999
28,788877,Self-employed,320,641872,19,69772,0.08844471318088878,Bad,7,236663.09999999998
29,903120,Self-employed,335,712070,16,16611,0.018392904597395694,Bad,6,270936.0
35,455466,Employed,732,874999,9,154354,0.3388924749597116,Bad,7,136639.8
38,672351,Self-employed,796,749108,22,304147,0.4523634232714758,Average,4,201705.3
40,27733,Unemployed,469,864318,6,213437,7.696138174737677,Average,4,8319.9
26,693468,Employed,543,938320,8,251036,0.362000842144122,Bad,9,208040.4
32,274826,Employed,815,743184,19,143412,0.5218283568512441,Average,3,82447.8
22,37210,Unemployed,382,817864,10,359773,9.668718086535877,Good,2,11163.0
27,38362,Unemployed,376,181689,16,349787,9.118059538084562,Good,0,11508.6
36,9889,Unemployed,320,336517,22,337828,34.16199817979573,Average,5,2966.7
23,823403,Self-employed,675,167289,8,371754,0.4514848743567852,Bad,8,247020.9
23,688561,Employed,674,285028,5,383476,0.556923787434955,Bad,7,206568.3
47,241139,Self-employed,713,269598,19,84035,0.34849194862714034,Good,1,72341.7
58,29346,Unemployed,370,601248,22,281309,9.585940162202686,Average,3,8803.8
53,739611,Self-employed,696,104421,18,110322,0.14916219472127915,Bad,6,221883.3
48,21720,Unemployed,431,240245,7,55515,2.555939226519337,Bad,6,6516.0
21,164224,Self-employed,575,569906,19,222524,1.3550029228371006,Average,4,49267.2
28,587523,Self-employed,312,982175,9,110446,0.1879858320440221,Average,5,176256.9
57,29537,Unemployed,474,49111,7,31480,1.06578190066696,Bad,9,8861.1
52,197386,Self-employed,684,434829,11,184599,0.9352183032231263,Average,3,59215.799999999996
57,551817,Employed,740,218750,10,60789,0.11016152093900695,Average,5,165545.1
24,112042,Self-employed,313,122592,5,183974,1.6420092465325502,Average,4,33612.6
50,661578,Self-employed,696,236000,23,33191,0.050169443361175854,Bad,7,198473.4
26,524897,Employed,833,782277,11,60488,0.11523784666325013,Good,1,157469.1
39,35105,Unemployed,302,324137,8,207154,5.900982765987751,Average,4,10531.5
52,409570,Employed,539,130652,16,168116,0.41046951681031324,Bad,9,122871.0
29,143691,Self-employed,794,928352,22,181672,1.2643241399948502,Good,2,43107.299999999996
32,11560,Unemployed,434,510069,13,350601,30.328806228373704,Bad,8,3468.0
31,696572,Self-employed,351,604960,23,180848,0.259625709905078,Bad,9,208971.6
36,78079,Self-employed,694,776639,8,365620,4.682693169738342,Bad,6,23423.7
21,717100,Employed,641,854557,5,75525,0.10532003904615814,Good,2,215130.0
41,37253,Employed,545,219516,13,315792,8.47695487611736,Bad,8,11175.9
50,32632,Unemployed,309,381653,19,14740,0.45170384898259375,Good,2,9789.6
33,38431,Unemployed,360,63602,12,358860,9.337774192709011,Average,3,11529.3
54,23413,Unemployed,317,205117,19,145174,6.200572331610644,Good,2,7023.9
24,567773,Self-employed,477,239069,19,212965,0.3750882835217596,Bad,9,170331.9
48,338068,Employed,505,568510,22,392821,1.1619585408852657,Good,2,101420.4
58,67170,Employed,535,837655,11,114917,1.7108381718028882,Bad,9,20151.0
51,437878,Employed,780,243084,22,102630,0.23438035251828135,Average,5,131363.4
47,5394,Unemployed,343,244318,20,26221,4.861142009640341,Good,1,1618.2
25,328509,Employed,736,591621,6,64265,0.19562629943167462,Average,5,98552.7
45,761420,Employed,829,710092,8,1719,0.0022576239132147827,Good,0,228426.0
23,974177,Employed,760,386794,20,215514,0.22122673805684182,Bad,9,292253.1
53,6645,Unemployed,496,51420,7,133141,20.036267870579383,Good,0,1993.5
24,517801,Employed,751,601792,6,55714,0.1075973202060251,Average,3,155340.3
45,14815,Unemployed,356,528750,7,74285,5.014174822814715,Good,0,4444.5
40,392009,Employed,761,273604,9,276079,0.7042669938700387,Average,4,117602.7
54,102847,Employed,559,625607,6,382506,3.719175085320914,Average,3,30854.1
46,241811,Employed,767,782962,23,45035,0.18624049360864478,Bad,7,72543.3
25,14290,Unemployed,302,666635,6,389831,27.27998600419874,Good,1,4287.0
55,22131,Unemployed,491,670629,6,359400,16.239663819981022,Average,4,6639.3
48,972013,Employed,728,655881,22,281684,0.2897944780573922,Bad,6,291603.89999999997
49,697101,Self-employed,574,124672,18,74480,0.10684248050139077,Bad,6,209130.3
29,39383,Unemployed,470,461158,19,311846,7.918289617347587,Bad,7,11814.9
58,10506,Unemployed,425,337064,16,79283,7.546449647820293,Average,4,3151.7999999999997
26,632878,Employed,571,515953,15,208113,0.32883588938152375,Good,0,189863.4
39,608685,Self-employed,623,810985,15,243825,0.4005766529485695,Average,5,182605.5
31,829947,Employed,671,419582,11,147293,0.17747277838223405,Bad,9,248984.09999999998
22,21600,Unemployed,379,46036,16,317925,14.71875,Average,5,6480.0
29,8774,Unemployed,341,150441,20,8087,0.9217004786870299,Average,5,2632.2
41,198767,Employed,681,144867,9,285933,1.438533559393662,Bad,6,59630.1
44,689789,Employed,704,72021,6,134271,0.19465517716287153,Good,0,206936.69999999998
54,482032,Self-employed,498,371349,20,179388,0.3721495668337372,Bad,7,144609.6
42,468179,Self-employed,464,463370,19,350417,0.7484680004869932,Bad,9,140453.69999999998
23,10361,Unemployed,431,687503,15,116310,11.225750410192067,Average,3,3108.2999999999997
32,857609,Self-employed,526,424641,10,148816,0.1735242983690703,Bad,6,257282.69999999998
48,157185,Self-employed,750,876641,17,187589,1.1934281260934567,Average,3,47155.5
50,24659,Unemployed,361,339283,23,99231,4.02412912121335,Bad,7,7397.7
46,23688,Unemployed,316,762592,14,180937,7.638340087808173,Bad,9,7106.4
41,8343,Unemployed,308,531656,23,209267,25.082943785209157,Good,1,2502.9
48,24192,Unemployed,480,661981,9,14894,0.6156580687830688,Bad,8,7257.599999999999
46,956920,Employed,558,585117,11,316239,0.33047590185177445,Good,2,287076.0
53,5886,Unemployed,436,393180,15,30272,5.143051308188923,Bad,9,1765.8
41,32766,Unemployed,340,455510,18,55021,1.6792101568699263,Bad,6,9829.8
55,23830,Unemployed,365,803151,20,222120,9.32102391942929,Bad,6,7149.0
54,781522,Self-employed,566,555515,22,34645,0.044330166009402164,Good,1,234456.6
38,8591,Unemployed,482,635718,8,375223,43.67628913979746,Average,5,2577.2999999999997
31,155407,Employed,633,402782,5,22179,0.14271557909231888,Good,2,46622.1
43,287716,Employed,571,14306,19,11691,0.040633819460857236,Bad,9,86314.8
42,22905,Unemployed,412,580110,18,130436,5.694651822746125,Average,5,6871.5
37,795034,Employed,789,26042,23,261005,0.3282941358482782,Bad,6,238510.19999999998
25,388800,Self-employed,446,410302,9,213718,0.5496862139917695,Good,0,116640.0
31,31014,Unemployed,339,674747,8,232899,7.509479589862643,Good,0,9304.199999999999
50,793277,Employed,602,946546,17,308455,0.3888364341837719,Average,4,237983.09999999998
35,941995,Employed,744,615712,22,358525,0.38060180786522224,Good,2,282598.5
47,31107,Unemployed,422,184690,16,171110,5.500691162760793,Bad,9,9332.1
55,520339,Employed,708,749410,19,288111,0.5536986464593274,Average,4,156101.69999999998
53,29968,Unemployed,357,151395,13,29478,0.983649225840897,Bad,9,8990.4
40,73923,Employed,608,544307,8,303476,4.105298756814523,Average,5,22176.899999999998
36,531683,Self-employed,349,863858,9,302457,0.5688671633285247,Average,3,159504.9
54,413891,Employed,604,567151,13,68857,0.16636505746682098,Bad,7,124167.29999999999
22,438995,Employed,526,637311,17,46900,0.10683492978279935,Good,1,131698.5
55,12111,Unemployed,331,667643,14,222141,18.342085707208323,Bad,9,3633.2999999999997
48,695344,Employed,772,937783,20,127861,0.18388164706965185,Good,0,208603.19999999998
59,32640,Unemployed,436,311143,17,42098,1.2897671568627451,Good,2,9792.0
26,260315,Self-employed,600,64780,8,9294,0.03570289841153987,Bad,8,78094.5
29,37577,Unemployed,331,811340,17,194652,5.1800835617532,Average,5,11273.1
40,25012,Unemployed,308,718944,12,170173,6.803654245961939,Bad,8,7503.599999999999
21,523085,Employed,583,390422,17,157131,0.30039286158081385,Average,3,156925.5
28,654381,Self-employed,615,901434,19,359928,0.5500281945838892,Good,0,196314.3
43,9096,Unemployed,304,445441,17,303770,33.39599824098505,Average,3,2728.7999999999997
23,824686,Employed,663,695312,9,21703,0.026316682955694653,Bad,9,247405.8
24,500336,Employed,833,102706,10,366837,0.7331813021649451,Average,3,150100.8
45,16464,Unemployed,451,695023,9,248608,15.100097181729835,Good,1,4939.2
58,395169,Employed,716,124019,17,191300,0.48409667762400393,Good,1,118550.7
35,37963,Unemployed,324,373852,9,135277,3.5633906698627613,Average,4,11388.9
41,8273,Unemployed,434,718741,17,212594,25.69732865949474,Good,0,2481.9
55,8212,Unemployed,495,181001,12,12628,1.5377496346809547,Good,2,2463.6
34,481657,Self-employed,356,797775,13,104655,0.2172811772693016,Average,4,144497.1
56,37675,Unemployed,441,864605,23,202161,5.365919044459191,Good,1,11302.5
32,374785,Employed,571,102260,19,269662,0.7195111864135437,Average,3,112435.5
37,838247,Self-employed,838,172863,14,170563,0.2034758251446173,Average,5,251474.09999999998
59,817071,Employed,605,686494,15,140018,0.171365768703087,Good,2,245121.3
29,517164,Self-employed,514,704461,9,1610,0.003113132391272401,Average,5,155149.19999999998
55,361043,Self-employed,389,595731,13,297455,0.8238769343263822,Good,0,108312.9
33,658059,Self-employed,527,756471,15,127419,0.1936285348274243,Good,2,197417.69999999998
35,899030,Self-employed,648,321674,23,263001,0.2925386249624595,Good,1,269709.0
38,255097,Employed,745,442015,6,231842,0.9088385986507094,Bad,7,76529.09999999999
53,5271,Unemployed,446,662187,10,305020,57.86757730980838,Good,1,1581.3
26,54220,Employed,615,98143,5,236612,4.363924751014386,Average,3,16266.0
47,14387,Unemployed,315,720013,7,244095,16.966358518106624,Average,5,4316.099999999999
43,581872,Employed,739,146771,7,313477,0.5387387604146616,Average,3,174561.6
47,700169,Self-employed,355,508713,18,183370,0.26189391418357566,Bad,9,210050.69999999998
54,653782,Self-employed,402,902959,9,347336,0.5312718918538596,Bad,8,196134.6
58,15857,Unemployed,321,774332,21,42811,2.6998171154695085,Average,3,4757.099999999999
34,13052,Unemployed,399,662673,19,71072,5.445295740116458,Average,4,3915.6
56,276509,Employed,768,670958,10,116407,0.42098810526962954,Bad,6,82952.7
28,23240,Unemployed,443,113362,18,251440,10.819277108433734,Average,3,6972.0
55,375590,Employed,585,772805,18,43974,0.11707979445672143,Good,0,112677.0
39,29911,Unemployed,350,292951,21,151928,5.0793353615726655,Good,1,8973.3
50,20438,Unemployed,485,989927,12,82983,4.060230942362266,Average,3,6131.4
34,21557,Unemployed,479,726750,12,308967,14.332560189265667,Good,0,6467.099999999999
40,457201,Self-employed,800,178298,23,362007,0.7917896067593903,Average,4,137160.3
45,795078,Self-employed,375,585838,13,254206,0.31972460563617655,Bad,9,238523.4
44,802411,Employed,820,475288,15,363181,0.45261219001235026,Average,5,240723.3
34,28924,Unemployed,380,267702,17,217886,7.533052136633938,Bad,6,8677.199999999999
46,81048,Employed,627,994812,17,68078,0.8399713749876616,Good,1,24314.399999999998
58,14910,Unemployed,484,314257,23,370911,24.876659959758552,Good,0,4473.0
43,483193,Self-employed,370,841431,23,68951,0.14269867320097768,Good,1,144957.9
42,741200,Self-employed,370,713238,9,372431,0.5024703184025904,Average,5,222360.0
39,5045,Unemployed,346,955847,20,144977,28.736769078295342,Bad,8,1513.5
23,12758,Unemployed,465,60219,13,284745,22.318937137482365,Bad,6,3827.3999999999996
39,916508,Self-employed,429,692546,7,104691,0.11422813548817905,Good,1,274952.39999999997
29,145926,Self-employed,804,956470,23,219171,1.5019324863286871,Good,2,43777.799999999996
48,524496,Employed,761,691129,9,173027,0.3298919343522162,Bad,9,157348.8
40,470139,Self-employed,773,777292,12,204251,0.43444811002703454,Average,5,141041.69999999998
27,38894,Unemployed,336,783624,18,49435,1.2710186661181673,Good,1,11668.199999999999
34,412605,Employed,536,238495,7,274390,0.6650186013257231,Average,3,123781.5
29,35215,Unemployed,376,579506,17,265602,7.5422973164844525,Good,2,10564.5
39,198332,Employed,795,283373,15,190579,0.960908980900712,Good,2,59499.6
34,5106,Unemployed,391,863641,12,7028,1.3764198981590285,Average,5,1531.8
58,837441,Self-employed,829,554165,23,235823,0.28159953954965183,Average,3,251232.3
56,34605,Unemployed,331,191073,14,120247,3.47484467562491,Average,5,10381.5
37,985073,Employed,714,361281,22,315045,0.3198189372767297,Average,4,295521.89999999997
50,10400,Unemployed,485,826516,22,232324,22.338846153846156,Bad,6,3120.0
29,912464,Employed,843,870212,11,138378,0.1516531063143313,Bad,9,273739.2
53,25637,Unemployed,403,149878,20,369699,14.42052502242852,Good,2,7691.099999999999
45,338857,Self-employed,401,221707,10,290822,0.8582440380455473,Good,1,101657.09999999999
34,937478,Self-employed,624,243249,20,353588,0.3771693842415502,Good,1,281243.39999999997
31,21167,Unemployed,478,39034,20,275507,13.015873765767468,Bad,6,6350.099999999999
55,30167,Unemployed,440,173389,5,146138,4.84430006298273,Average,4,9050.1
34,11617,Unemployed,330,843900,23,64804,5.578376517173108,Good,0,3485.1
50,776355,Employed,562,414310,7,115433,0.14868584603692897,Bad,6,232906.5
24,5303,Unemployed,360,715156,10,49544,9.342636243635678,Good,0,1590.8999999999999
24,17683,Unemployed,377,12589,8,361391,20.437199570208676,Bad,9,5304.9
48,259303,Employed,773,59221,8,1189,0.00458536923984682,Average,4,77790.9
28,679075,Self-employed,765,257927,8,274896,0.404809483488569,Bad,9,203722.5
22,37847,Unemployed,479,790089,14,252768,6.67867994821254,Average,3,11354.1
42,32407,Unemployed,376,362444,13,8482,0.26173357607924214,Good,0,9722.1
36,998209,Self-employed,839,643517,12,279823,0.2803250621863758,Average,4,299462.7
49,645360,Self-employed,376,827963,23,257500,0.3990021073509359,Bad,6,193608.0
50,266028,Employed,663,578515,21,386200,1.4517268858917107,Good,2,79808.4
32,12176,Unemployed,474,267308,21,1799,0.1477496714848883,Good,1,3652.7999999999997
55,23676,Unemployed,421,95078,5,122691,5.182083122149011,Bad,7,7102.8
31,513512,Employed,531,829679,18,320702,0.6245267880789543,Average,4,154053.6
41,530285,Self-employed,609,761401,15,322367,0.6079127261755471,Bad,8,159085.5
41,674467,Employed,643,939105,7,216692,0.321278876505448,Average,3,202340.1
25,649691,Self-employed,355,576887,12,304700,0.4689921824374972,Average,4,194907.3
40,149574,Employed,772,466761,14,92467,0.6182023613729659,Good,1,44872.2
57,785751,Self-employed,755,772655,21,373863,0.4758034033682426,Average,4,235725.3
23,925954,Employed,657,924056,12,92404,0.09979329426731781,Good,2,277786.2
53,348288,Self-employed,377,511668,5,44558,0.1279343531789783,Bad,8,104486.4
29,884125,Self-employed,407,928921,11,211454,0.23916753852679204,Bad,8,265237.5
29,493720,Self-employed,314,191651,13,219865,0.445323260147452,Good,0,148116.0
24,423161,Self-employed,603,502741,16,104018,0.24581187774865831,Good,0,126948.29999999999
55,8743,Self-employed,504,70207,13,154947,17.722406496625872,Average,5,2622.9
37,15196,Unemployed,412,336199,7,222325,14.630494867070281,Good,0,4558.8
54,883247,Self-employed,552,890698,8,12408,0.014048165462209326,Bad,8,264974.1
44,24641,Unemployed,390,342414,14,36607,1.485613408546731,Good,0,7392.299999999999
52,234602,Self-employed,827,113426,8,62684,0.2671929480567088,Good,0,70380.59999999999
21,29111,Unemployed,458,513081,13,290470,9.97801518326406,Good,2,8733.3
28,8199,Unemployed,450,136794,5,14601,1.7808269301134285,Average,4,2459.7
43,153323,Employed,754,858874,9,125594,0.8191465076994319,Good,1,45996.9
32,649566,Self-employed,762,359776,13,264279,0.4068547306971116,Average,3,194869.8
32,300041,Employed,529,697391,9,154813,0.5159728170483368,Average,3,90012.3
35,136968,Employed,544,736595,10,12913,0.09427749547339524,Good,0,41090.4
39,930775,Self-employed,338,547726,23,11101,0.01192662028954366,Average,3,279232.5
46,54815,Employed,544,585107,12,150703,2.749302198303384,Good,0,16444.5
49,431573,Self-employed,636,45856,14,204156,0.4730509091161866,Bad,6,129471.9
42,832699,Employed,848,428792,15,103820,0.12467890558292972,Bad,8,249809.69999999998
41,643751,Self-employed,579,830370,17,181057,0.28125315533490436,Average,4,193125.3
58,886779,Self-employed,568,444244,8,261381,0.29475325870369057,Bad,7,266033.7
40,201599,Self-employed,634,61807,15,63110,0.31304718773406615,Good,2,60479.7
49,6076,Unemployed,367,838309,16,234887,38.65816326530612,Average,5,1822.8
24,118757,Employed,533,492999,9,20215,0.17022154483525181,Good,1,35627.1
27,37539,Unemployed,349,45461,14,223190,5.945549961373505,Average,4,11261.699999999999
48,919217,Employed,748,619762,11,146096,0.1589352677332991,Average,3,275765.1
48,981406,Employed,593,959973,13,77949,0.07942584414605168,Average,4,294421.8
24,486089,Employed,678,347280,13,344999,0.7097445118075085,Average,3,145826.69999999998
42,28401,Unemployed,391,284579,14,177555,6.251716488856026,Bad,6,8520.3
32,988839,Employed,711,741477,14,369423,0.37359266776492434,Bad,7,296651.7
23,18898,Unemployed,421,409407,6,229644,12.151762091226585,Bad,6,5669.4
42,369745,Self-employed,744,873158,8,210229,0.5685783445347469,Average,3,110923.5
22,425158,Employed,796,256730,12,122898,0.28906430080111395,Bad,8,127547.4
44,637539,Employed,710,248732,18,142630,0.22371964695493138,Average,4,191261.69999999998
54,845172,Self-employed,637,422602,21,1526,0.0018055496395999867,Bad,9,253551.59999999998
47,576312,Self-employed,365,689081,17,2753,0.004776926387095879,Average,5,172893.6
21,825415,Employed,527,581074,22,277800,0.3365579738676908,Bad,9,247624.5
28,119587,Self-employed,792,277848,22,286410,2.394992766772308,Bad,6,35876.1
43,17145,Unemployed,493,58635,17,65555,3.8235637212015163,Bad,6,5143.5
58,36036,Unemployed,473,921627,12,63995,1.775863025863026,Average,5,10810.8
26,648308,Employed,613,354854,16,215646,0.33262893562936136,Average,5,194492.4
42,39890,Unemployed,470,767197,5,79277,1.9873903233893206,Bad,8,11967.0
45,32009,Unemployed,314,247984,22,103345,3.228623199725077,Average,3,9602.699999999999
38,604694,Employed,604,327137,7,359255,0.5941104095625225,Good,1,181408.19999999998
37,598572,Self-employed,498,114752,16,66402,0.11093402297467973,Bad,6,179571.6
32,931011,Employed,534,213194,23,255799,0.27475400398061894,Bad,9,279303.3
26,25641,Unemployed,330,230584,17,386891,15.088764088764089,Good,2,7692.299999999999
46,338094,Employed,518,420632,14,173805,0.5140730092814424,Average,4,101428.2
47,656627,Employed,779,134886,19,15418,0.023480606188901767,Average,5,196988.1
28,14638,Unemployed,391,80537,6,255494,17.454160404426833,Average,3,4391.4
39,26173,Unemployed,466,838690,23,300329,11.474764069842967,Bad,7,7851.9
21,211136,Employed,646,673868,7,42745,0.2024524477114277,Bad,7,63340.799999999996
49,23095,Unemployed,462,87166,18,225489,9.763541892184456,Bad,6,6928.5
55,6439,Unemployed,474,736276,11,185859,28.8645752446032,Bad,8,1931.6999999999998
34,25014,Unemployed,491,377854,12,343267,13.72299512273127,Bad,8,7504.2
55,30702,Unemployed,420,299843,15,184107,5.996580027359781,Average,5,9210.6
40,7466,Unemployed,393,310479,10,350948,47.00616126439861,Good,0,2239.7999999999997
33,11928,Unemployed,313,835238,15,374199,31.371478873239436,Average,5,3578.4
58,210719,Self-employed,784,866285,21,120097,0.5699391132266194,Average,4,63215.7
28,39404,Employed,794,721128,14,49302,1.25119277230738,Bad,9,11821.199999999999
40,5863,Unemployed,335,299883,21,123561,21.074705782022857,Good,2,1758.8999999999999
53,926881,Employed,536,561073,6,209051,0.22554243748658134,Good,2,278064.3
46,597879,Self-employed,313,165052,10,58728,0.09822723326960807,Average,4,179363.69999999998
59,17186,Unemployed,422,758079,9,361742,21.048644245315955,Good,1,5155.8
41,141186,Employed,658,489918,8,264382,1.8725794342215234,Average,5,42355.799999999996
29,26832,Unemployed,401,873448,6,212929,7.935636553369111,Average,4,8049.599999999999
44,39640,Unemployed,382,396825,16,344754,8.697124117053482,Average,3,11892.0
57,12189,Unemployed,431,68253,7,145121,11.905898761178111,Average,4,3656.7
37,26770,Unemployed,330,480697,10,58193,2.173813970862906,Bad,9,8031.0
44,5244,Unemployed,320,617416,18,167656,31.971014492753625,Good,0,1573.2
41,34805,Unemployed,393,947645,12,329778,9.475017957190058,Bad,7,10441.5
59,10767,Unemployed,307,163081,18,15679,1.4562087861056934,Bad,9,3230.1
59,205123,Self-employed,627,916013,7,297649,1.4510756960457871,Bad,6,61536.899999999994
33,432894,Self-employed,589,637254,20,314485,0.72647114536122,Average,3,129868.2
31,27266,Unemployed,443,139854,19,51374,1.8841780972639919,Average,5,8179.799999999999
39,13076,Unemployed,386,625640,11,310142,23.718415417558887,Bad,7,3922.7999999999997
31,151123,Self-employed,518,421149,19,187773,1.2425176842704286,Bad,7,45336.9
33,557958,Self-employed,705,865586,17,176931,0.31710451324293226,Good,1,167387.4
21,990055,Self-employed,519,665667,10,390347,0.3942679952123872,Bad,9,297016.5
39,15346,Unemployed,368,749567,19,34178,2.2271601720318,Average,3,4603.8
32,85904,Employed,711,763569,21,235162,2.737497671819706,Bad,8,25771.2
28,938573,Employed,736,634585,8,370517,0.3947663101325097,Good,1,281571.89999999997
28,552247,Employed,793,733234,18,216101,0.3913122207997508,Good,2,165674.1
32,376300,Employed,580,564634,19,219438,0.5831464257241562,Bad,8,112890.0
53,39923,Unemployed,364,114138,16,105139,2.6335445733036096,Good,0,11976.9
46,215922,Employed,673,314916,23,101290,0.4691045840627634,Good,1,64776.6
59,128225,Self-employed,627,991588,14,172140,1.342483914993176,Average,5,38467.5
48,226738,Self-employed,601,42149,10,59951,0.2644064956028544,Good,1,68021.4
25,890359,Employed,538,350844,13,350773,0.39396805108950433,Good,1,267107.7
28,307811,Self-employed,606,684886,6,245924,0.798944807040684,Bad,7,92343.3
45,35543,Unemployed,376,885190,8,140334,3.948287989196185,Average,5,10662.9
47,36611,Employed,678,480928,13,152857,4.175165933735762,Good,0,10983.3
43,901044,Employed,810,130447,19,331975,0.3684337279866466,Bad,6,270313.2
50,38043,Unemployed,451,463693,17,344367,9.05204636858292,Bad,8,11412.9
43,864299,Self-employed,589,7695,12,46643,0.05396627787374508,Bad,9,259289.69999999998
40,36340,Unemployed,425,565457,23,199729,5.496119977985691,Bad,7,10902.0
38,16573,Unemployed,461,836379,23,4582,0.276473782658541,Bad,7,4971.9
38,877402,Self-employed,688,180296,20,113781,0.12967943998304085,Bad,6,263220.6
22,25662,Unemployed,352,834297,15,250957,9.779323513366066,Good,2,7698.599999999999
24,590009,Self-employed,371,682913,14,105004,0.17797016655678133,Average,5,177002.69999999998
50,667746,Self-employed,472,368645,12,41000,0.06140059244083828,Average,3,200323.8
53,31252,Unemployed,315,324554,5,103592,3.3147318571611417,Bad,9,9375.6
56,249437,Self-employed,767,367898,14,2085,0.008358824071809715,Bad,9,74831.09999999999
38,19604,Unemployed,319,355039,22,361138,18.421648643134056,Average,5,5881.2
57,687561,Self-employed,802,944320,7,193811,0.2818818984788259,Good,2,206268.3
39,302530,Employed,664,712386,15,206253,0.681760486563316,Bad,9,90759.0
48,151297,Self-employed,609,314849,22,380453,2.514610335961718,Average,3,45389.1
40,339341,Self-employed,313,194994,7,370258,1.0911089435110994,Average,3,101802.3
53,23261,Unemployed,482,379844,12,333554,14.339624263789174,Bad,9,6978.3
32,781934,Self-employed,562,862346,18,184260,0.23564648678788747,Average,5,234580.19999999998
35,888754,Employed,724,3881,10,289969,0.32626463565846114,Good,2,266626.2
59,599601,Employed,733,959071,19,142985,0.23846691383103097,Average,3,179880.3
22,762071,Self-employed,708,311509,18,213823,0.28058146813092216,Bad,9,228621.3
49,490179,Self-employed,323,523144,11,85269,0.17395482058594922,Bad,9,147053.69999999998
30,878142,Employed,594,81211,14,277476,0.315980786706478,Average,3,263442.6
22,25621,Unemployed,481,989626,19,55895,2.1816088365013075,Average,4,7686.299999999999
31,58365,Employed,580,158078,14,398648,6.830257860018847,Bad,8,17509.5
33,34369,Employed,775,305342,21,237641,6.914399604294568,Good,2,10310.699999999999
30,930554,Self-employed,764,942335,23,260830,0.28029539392662867,Average,3,279166.2
34,452695,Self-employed,595,889081,21,385190,0.8508819403792841,Good,0,135808.5
38,201955,Employed,787,935963,16,330711,1.637547968606868,Good,1,60586.5
29,8195,Unemployed,407,427659,19,325857,39.76290420988408,Bad,9,2458.5
59,408824,Employed,782,961820,16,215241,0.526488170948868,Bad,7,122647.2
48,163997,Employed,679,229203,13,59639,0.3636590913248413,Bad,6,49199.1
23,10310,Unemployed,373,721846,9,238895,23.171193016488846,Good,2,3093.0
40,538350,Employed,772,663237,8,366747,0.6812426859849541,Bad,7,161505.0
26,467744,Employed,548,41553,16,79488,0.169939111992885,Bad,9,140323.19999999998
47,978283,Self-employed,415,509353,20,356049,0.3639529665751117,Good,0,293484.89999999997
22,15774,Unemployed,397,400138,13,266121,16.870863446177253,Good,0,4732.2
49,47311,Self-employed,706,911210,7,378794,8.006467840459935,Good,0,14193.3
58,475328,Self-employed,447,905450,7,236101,0.4967117443112966,Good,2,142598.4
23,38262,Unemployed,479,662046,22,317785,8.30549892844075,Average,3,11478.6
36,5022,Unemployed,404,34766,21,395484,78.75029868578255,Bad,6,1506.6
50,633810,Employed,566,999447,14,377609,0.5957763367570723,Average,5,190143.0
22,53929,Self-employed,521,820438,6,55431,1.0278514342932374,Good,0,16178.699999999999
37,11998,Unemployed,314,557710,15,279900,23.32888814802467,Good,0,3599.4
32,749314,Self-employed,377,905022,7,152836,0.20396789596884618,Good,1,224794.19999999998
55,551113,Self-employed,540,276349,6,191984,0.3483568705510485,Good,0,165333.9
21,20802,Unemployed,459,481806,13,147104,7.071627728103067,Good,2,6240.599999999999
35,523844,Employed,526,156599,23,227086,0.43349928604699106,Bad,7,157153.19999999998
46,605577,Self-employed,763,768843,6,177774,0.29356134727705974,Average,3,181673.1
57,5362,Unemployed,426,413659,23,143957,26.84763148079075,Average,5,1608.6
41,671774,Employed,512,411740,6,272940,0.4062973559560209,Bad,9,201532.19999999998
51,983301,Self-employed,483,380621,19,367727,0.37397195772199965,Bad,6,294990.3
45,22601,Unemployed,355,30202,7,164935,7.297685943099863,Bad,9,6780.3
43,665709,Self-employed,788,985056,9,82014,0.12319797388949226,Average,4,199712.69999999998
44,15047,Unemployed,370,441358,15,164189,10.911743204625507,Average,5,4514.099999999999
58,34393,Unemployed,491,850124,11,283469,8.242055069345506,Good,1,10317.9
48,604223,Self-employed,724,739744,10,256152,0.42393619574230046,Average,5,181266.9
41,805118,Self-employed,340,22855,18,54096,0.06719015100892044,Average,5,241535.4
38,39275,Unemployed,303,478963,5,203476,5.18080203691916,Bad,9,11782.5
56,962280,Employed,843,717732,21,145143,0.1508323980546203,Average,3,288684.0
55,717787,Self-employed,345,813527,21,327793,0.45667168672600644,Good,2,215336.1
29,20797,Unemployed,435,958228,18,271185,13.039621099197,Average,5,6239.099999999999
58,10302,Unemployed,496,313385,14,214123,20.784604931081343,Bad,9,3090.6
50,592347,Employed,848,629407,12,41058,0.06931410136288357,Bad,6,177704.1
54,503875,Employed,577,578291,12,49263,0.09776829570826098,Good,2,151162.5
52,306383,Employed,677,463595,18,223574,0.7297206437693997,Good,2,91914.9
23,47103,Self-employed,580,96837,11,105820,2.2465660361335797,Average,5,14130.9
23,22715,Unemployed,495,225068,10,108645,4.782962799911952,Good,2,6814.5
48,31129,Unemployed,338,358427,8,176542,5.671303286324649,Good,0,9338.699999999999
35,39574,Unemployed,352,935476,5,219898,5.5566280891494415,Bad,6,11872.199999999999
43,833621,Employed,551,125805,19,291367,0.34951974578375544,Bad,9,250086.3
31,15967,Unemployed,371,882278,19,296719,18.58326548506294,Average,4,4790.099999999999
52,856995,Self-employed,768,811359,5,241776,0.28212066581485307,Average,5,257098.5
56,410815,Employed,751,909021,7,284805,0.6932682594355123,Average,3,123244.5
53,159909,Employed,534,117657,9,299576,1.8734155050685077,Average,5,47972.7
44,170688,Employed,700,855062,9,231119,1.3540436351706038,Bad,6,51206.4
59,787496,Employed,598,106428,8,30114,0.03824019423590723,Average,4,236248.8
54,280251,Self-employed,765,124035,21,7030,0.025084656254571795,Average,5,84075.3
48,31251,Unemployed,382,447563,18,353195,11.301878339893124,Good,1,9375.3
57,284087,Self-employed,678,232780,12,179501,0.6318522142864685,Average,4,85226.09999999999
27,25215,Unemployed,426,914676,6,310887,12.329446757882213,Good,1,7564.5
24,503864,Self-employed,351,743570,12,227941,0.45238596129114206,Bad,9,151159.19999999998
57,308606,Employed,821,71518,5,388900,1.260182886917299,Average,3,92581.8
21,476015,Employed,507,178355,8,328759,0.6906484039368507,Good,2,142804.5
21,487517,Self-employed,324,869758,23,48577,0.0996416535218259,Average,3,146255.1
40,394569,Self-employed,756,669565,9,373580,0.9468052482582261,Good,0,118370.7
39,22868,Unemployed,497,122243,9,3966,0.17343012069267097,Average,5,6860.4
49,348133,Self-employed,736,801180,23,392500,1.1274426727716131,Bad,8,104439.9
30,629142,Self-employed,677,940601,16,376982,0.5992001805633704,Bad,8,188742.6
38,23213,Unemployed,467,398308,5,4728,0.20367897298927326,Good,2,6963.9
48,15223,Unemployed,338,55311,11,169376,11.126322012743874,Good,0,4566.9
55,25843,Unemployed,316,24692,21,236189,9.139380102929227,Bad,9,7752.9
51,982030,Self-employed,673,651242,6,133019,0.1354530920643972,Average,5,294609.0
47,20591,Unemployed,338,681222,15,344524,16.731776018648926,Good,2,6177.3
31,740595,Employed,790,394179,11,329274,0.44460737650132665,Bad,8,222178.5
58,77922,Employed,546,223468,21,22414,0.2876466209799543,Good,1,23376.6
25,847187,Employed,819,343651,7,94005,0.11096133439252491,Bad,8,254156.09999999998
28,650214,Self-employed,660,82152,10,354886,0.5457987677902967,Bad,8,195064.19999999998
54,506684,Employed,645,465685,15,178857,0.3529951606918711,Good,0,152005.19999999998
32,707356,Self-employed,667,531214,22,300117,0.4242799947975277,Good,1,212206.8
58,5064,Self-employed,527,5969,22,350235,69.1617298578199,Bad,6,1519.2
21,231457,Employed,507,37733,14,205390,0.8873786491659358,Average,4,69437.09999999999
51,16055,Unemployed,384,333999,9,200268,12.473871068203051,Bad,6,4816.5
24,354738,Self-employed,480,43743,19,246389,0.69456613049631,Average,3,106421.4
25,936740,Employed,584,656481,8,237232,0.2532527702457459,Average,5,281022.0
50,856098,Self-employed,834,172948,5,138161,0.1613845611133305,Average,5,256829.4
44,15866,Unemployed,349,895877,19,202926,12.789991176099836,Good,1,4759.8
23,36335,Unemployed,415,22323,21,325379,8.954974542452181,Bad,7,10900.5
31,187234,Employed,611,525293,23,30400,0.1623636732644712,Bad,9,56170.2
24,890188,Self-employed,468,280572,18,147477,0.1656694990271718,Average,4,267056.39999999997
46,7631,Self-employed,438,560866,23,380384,49.847202201546324,Average,5,2289.2999999999997
47,142039,Self-employed,530,612774,22,53763,0.37850871943621117,Average,3,42611.7
47,354422,Self-employed,552,503793,6,205670,0.5802969341632291,Bad,9,106326.59999999999
26,908548,Employed,548,328284,10,149496,0.16454386559653425,Average,4,272564.39999999997
35,33069,Unemployed,346,783738,17,369954,11.187335571078654,Bad,8,9920.699999999999
50,44407,Employed,762,633613,21,352667,7.941698380885897,Bad,8,13322.1
57,326345,Self-employed,521,872261,10,110955,0.33999295224379106,Good,0,97903.5
57,452564,Self-employed,361,270508,9,152628,0.337251747819093,Average,3,135769.19999999998
57,22878,Unemployed,456,393011,11,356281,15.573083311478277,Average,5,6863.4
55,870061,Self-employed,424,430565,5,213338,0.2451988998472521,Average,3,261018.3
43,524308,Employed,839,658051,17,135308,0.25806968423140597,Good,0,157292.4
26,597456,Employed,528,784259,23,201288,0.3369084920061059,Average,5,179236.8
24,29086,Unemployed,405,621886,5,293456,10.089252561369731,Bad,7,8725.8
38,58004,Employed,672,723827,17,376831,6.4966381628853185,Average,4,17401.2
29,221239,Employed,841,178968,15,110602,0.499920900022148,Bad,8,66371.7
49,507044,Employed,784,59062,11,215529,0.425069619204645,Bad,7,152113.19999999998
33,376113,Employed,732,230338,7,299784,0.797058330873966,Bad,8,112833.9
37,538754,Self-employed,407,737122,5,363315,0.674361582466209,Bad,8,161626.19999999998
52,630243,Employed,712,671221,12,325437,0.5163674963466472,Average,3,189072.9
42,21676,Unemployed,371,229909,21,115124,5.311127514301532,Good,1,6502.8
24,36514,Unemployed,474,508995,17,247921,6.78975187599277,Good,2,10954.199999999999
25,576938,Employed,726,90302,18,203301,0.3523792851224915,Bad,7,173081.4
57,17165,Unemployed,487,590216,9,86802,5.056918147392951,Average,4,5149.5
33,259164,Employed,582,740591,10,241324,0.9311632788504576,Good,1,77749.2
54,9860,Unemployed,445,567635,10,355168,36.0210953346856,Average,5,2958.0
42,36351,Unemployed,364,529409,12,156194,4.296828147781354,Good,0,10905.3
43,354888,Employed,782,85793,17,173296,0.488311805414666,Bad,7,106466.4
23,936630,Employed,605,554452,22,226612,0.241943990690027,Bad,8,280989.0
54,605988,Self-employed,406,289635,8,219174,0.361680429315432,Bad,9,181796.4
52,287571,Employed,646,585510,21,374555,1.3024783444784072,Good,1,86271.3
41,467509,Employed,658,680525,9,43262,0.0925372559672648,Average,3,140252.69999999998
41,535696,Self-employed,767,530036,7,379358,0.708159105164123,Bad,7,160708.8
31,293369,Employed,654,552841,8,107435,0.3662111538710634,Average,5,88010.7
59,176444,Employed,796,118547,9,87314,0.4948538913196255,Average,4,52933.2
24,546567,Self-employed,797,586668,18,191664,0.350668810960047,Bad,7,163970.1
21,801668,Employed,779,46331,19,165998,0.20706576787398276,Good,1,240500.4
48,908836,Employed,799,753393,21,349431,0.3844819087272071,Bad,6,272650.8
44,252145,Self-employed,653,646905,10,120318,0.4771778143528525,Bad,7,75643.5
55,688835,Self-employed,820,827992,14,393278,0.5709320809773023,Good,2,206650.5
33,7433,Unemployed,355,842297,20,388102,52.21337279698641,Average,4,2229.9
54,784965,Employed,737,966190,21,18528,0.02360360016051671,Good,1,235489.5
31,11858,Unemployed,380,602198,18,1068,0.0900657783774667,Good,1,3557.4
56,37099,Unemployed,312,399891,16,332397,8.959729372759373,Bad,6,11129.699999999999
37,769742,Self-employed,315,986210,13,343898,0.4467704763414235,Good,2,230922.6
55,608528,Employed,544,502201,19,176040,0.2892882496779113,Good,1,182558.4
38,871024,Employed,638,504237,16,354082,0.4065123349069601,Good,2,261307.19999999998
42,389325,Self-employed,447,866418,18,43129,0.11077891221986771,Average,5,116797.5
44,21488,Unemployed,439,733576,22,255935,11.910601265822784,Average,3,6446.4
39,713029,Self-employed,519,12068,10,377140,0.5289265934485133,Bad,8,213908.69999999998
57,48394,Employed,797,580748,8,226760,4.685704839442906,Bad,9,14518.199999999999
59,181978,Self-employed,741,889198,16,62321,0.3424644737275934,Average,4,54593.4
41,72628,Employed,654,572706,17,12526,0.17246791870903783,Good,0,21788.399999999998
